ENSG00000186092.4	69090
ENSG00000279928.1	182392
ENSG00000279457.3	200322
ENSG00000278566.1	451678
ENSG00000273547.1	686654
ENSG00000187634.10	924879
ENSG00000188976.10	959309
ENSG00000187961.13	960586
ENSG00000187583.10	966496
ENSG00000187642.9	982093
ENSG00000188290.10	1000172
ENSG00000187608.8	1001137
ENSG00000188157.13	1020122
ENSG00000237330.2	1074307
ENSG00000131591.17	1116361
ENSG00000162571.13	1173883
ENSG00000186891.13	1206691
ENSG00000186827.10	1214138
ENSG00000078808.16	1232031
ENSG00000176022.4	1232264
ENSG00000184163.3	1246722
ENSG00000160087.20	1273885
ENSG00000162572.19	1280435
ENSG00000131584.18	1309609
ENSG00000169972.11	1308566
ENSG00000127054.18	1324691
ENSG00000224051.6	1324755
ENSG00000169962.4	1331313
ENSG00000107404.17	1349350
ENSG00000162576.16	1361777
ENSG00000175756.13	1375495
ENSG00000221978.11	1399328
ENSG00000242485.5	1407313
ENSG00000235098.8	1421769
ENSG00000205116.3	1426127
ENSG00000179403.11	1434860
ENSG00000215915.9	1449688
ENSG00000160072.19	1471768
ENSG00000197785.13	1512150
ENSG00000205090.8	1540453
ENSG00000160075.11	1574869
ENSG00000279244.1	1579755
ENSG00000228594.3	1600096
ENSG00000197530.12	1615414
ENSG00000189409.12	1632094
ENSG00000248333.8	1659012
ENSG00000189339.11	1692728
ENSG00000008128.22	1724324
ENSG00000215790.6	1745992
ENSG00000008130.15	1780457
ENSG00000078369.17	1891117
ENSG00000169885.9	1914826
ENSG00000178821.12	1919273
ENSG00000142609.17	2003837
ENSG00000187730.7	2019323
ENSG00000067606.15	2050469
ENSG00000162585.16	2212720
ENSG00000157933.9	2228694
ENSG00000116151.13	2391707
ENSG00000157916.18	2391774
ENSG00000157911.9	2413797
ENSG00000149527.17	2425979
ENSG00000157881.13	2526628
ENSG00000197921.5	2530245
ENSG00000157873.17	2555638
ENSG00000157870.14	2586490
ENSG00000142606.15	2632990
ENSG00000215912.11	2789755
ENSG00000169717.6	3021482
ENSG00000142611.16	3069167
ENSG00000130762.14	3454425
ENSG00000162591.15	3611495
ENSG00000158109.14	3625001
ENSG00000116213.15	3652761
ENSG00000078900.14	3652519
ENSG00000162592.8	3752397
ENSG00000235169.7	3772787
ENSG00000130764.9	3796504
ENSG00000116198.12	3857214
ENSG00000169598.15	3857266
ENSG00000198912.10	3900293
ENSG00000196581.10	4654731
ENSG00000131697.17	5992473
ENSG00000069424.14	5991465
ENSG00000116254.17	6180123
ENSG00000116251.9	6209389
ENSG00000158286.12	6205474
ENSG00000116237.15	6235972
ENSG00000173673.7	6244191
ENSG00000158292.6	6260975
ENSG00000097021.19	6394391
ENSG00000069812.11	6424670
ENSG00000187017.14	6424787
ENSG00000215788.9	6466195
ENSG00000171680.20	6520061
ENSG00000162408.10	6554535
ENSG00000173662.19	6555180
ENSG00000204859.11	6580000
ENSG00000162413.16	6614607
ENSG00000116273.5	6613684
ENSG00000041988.15	6624865
ENSG00000007923.15	6701924
ENSG00000171735.18	6785323
ENSG00000049245.12	7771268
ENSG00000049246.14	7784319
ENSG00000049247.13	7853512
ENSG00000049249.8	7943165
ENSG00000116288.12	7954290
ENSG00000116285.12	8026308
ENSG00000162426.14	8317825
ENSG00000142599.17	8817643
ENSG00000074800.13	8879249
ENSG00000131686.14	8945866
ENSG00000197241.3	9026345
ENSG00000142583.17	9088478
ENSG00000180758.11	9129170
ENSG00000049239.12	9234774
ENSG00000171621.13	9292879
ENSG00000171612.6	9539481
ENSG00000188807.12	9588921
ENSG00000171608.15	9651731
ENSG00000171603.16	9824526
ENSG00000280113.1	9828258
ENSG00000178585.14	9910336
ENSG00000162441.11	9943407
ENSG00000173614.13	9943427
ENSG00000162444.11	9997205
ENSG00000130939.18	10032831
ENSG00000054523.17	10210804
ENSG00000142657.20	10398591
ENSG00000251503.8	10430101
ENSG00000175279.21	10430442
ENSG00000241563.3	10449718
ENSG00000160049.11	10472526
ENSG00000142655.12	10472287
ENSG00000130940.14	10796650
ENSG00000175262.14	10982037
ENSG00000120948.15	11012343
ENSG00000277726.4	11012661
ENSG00000009724.16	11047233
ENSG00000116649.9	11060024
ENSG00000171824.13	11099881
ENSG00000198793.12	11262507
ENSG00000171819.4	11189340
ENSG00000120942.13	11273205
ENSG00000204624.7	11479165
ENSG00000116661.9	11655785
ENSG00000132879.13	11654374
ENSG00000116663.10	11664123
ENSG00000116670.14	11691650
ENSG00000162490.6	11691728
ENSG00000177674.15	11736083
ENSG00000215910.7	11761786
ENSG00000177000.10	11806920
ENSG00000011021.21	11806095
ENSG00000175206.10	11848345
ENSG00000120937.8	11858931
ENSG00000116685.15	11926428
ENSG00000083444.16	11934204
ENSG00000116688.16	11980180
ENSG00000116691.10	12019465
ENSG00000120949.14	12063376
ENSG00000028137.16	12167002
ENSG00000048707.13	12230066
ENSG00000162496.8	12617731
ENSG00000204518.2	12644546
ENSG00000188984.11	12716114
ENSG00000157330.9	12746214
ENSG00000116726.4	12774840
ENSG00000116721.9	12791396
ENSG00000239810.3	12831410
ENSG00000179172.8	12947578
ENSG00000120952.4	12857085
ENSG00000243073.3	12886201
ENSG00000187545.5	12898270
ENSG00000204510.5	12916609
ENSG00000232423.5	13056491
ENSG00000274764.5	13056491
ENSG00000280267.3	13158092
ENSG00000229571.6	13060852
ENSG00000277058.2	13060868
ENSG00000275774.2	13116854
ENSG00000179412.10	13165467
ENSG00000204505.4	13172454
ENSG00000279804.1	13226133
ENSG00000270601.4	13254211
ENSG00000182330.10	13285174
ENSG00000204501.6	13303508
ENSG00000204481.7	13347134
ENSG00000204480.7	13371693
ENSG00000204479.4	13389631
ENSG00000204478.9	13410449
ENSG00000162494.5	13514048
ENSG00000162493.16	13583464
ENSG00000116731.22	13700197
ENSG00000189337.15	14598703
ENSG00000171729.13	15152531
ENSG00000142621.19	15247271
ENSG00000142634.12	15409894
ENSG00000162438.11	15438438
ENSG00000142615.7	15456727
ENSG00000215704.9	15465908
ENSG00000132906.17	15526534
ENSG00000116138.12	15526812
ENSG00000116771.5	15585110
ENSG00000197312.11	15617499
ENSG00000215695.1	15659868
ENSG00000116786.11	15684331
ENSG00000162461.7	15736404
ENSG00000162460.6	15742421
ENSG00000162458.12	15756606
ENSG00000233954.6	15809348
ENSG00000065526.10	15847863
ENSG00000116809.11	15976132
ENSG00000183888.4	16004235
ENSG00000173641.17	16019594
ENSG00000186510.11	16018874
ENSG00000184908.17	16043735
ENSG00000185519.8	16073632
ENSG00000142627.12	16156087
ENSG00000142632.16	16212609
ENSG00000132881.11	16237162
ENSG00000037637.10	16352454
ENSG00000055070.16	16352574
ENSG00000187144.11	16437424
ENSG00000157191.19	16440671
ENSG00000268991.2	16539065
ENSG00000219481.10	16613562
ENSG00000237847.2	16673002
ENSG00000279132.1	16734461
ENSG00000058453.16	16740272
ENSG00000117122.13	16980835
ENSG00000159363.17	17011928
ENSG00000117118.9	17054170
ENSG00000117115.12	17119435
ENSG00000142623.9	17205125
ENSG00000142619.4	17249097
ENSG00000159339.13	17308194
ENSG00000280226.1	17331796
ENSG00000276747.1	17372195
ENSG00000179051.13	17439724
ENSG00000074964.16	17539834
ENSG00000117148.7	17755312
ENSG00000117154.11	18107745
ENSG00000179023.8	18480981
ENSG00000009709.11	18631005
ENSG00000179002.5	18859682
ENSG00000255275.3	18921121
ENSG00000159423.16	18902781
ENSG00000169991.10	18956686
ENSG00000127481.14	19210276
ENSG00000127463.13	19251552
ENSG00000053372.4	19251538
ENSG00000162482.4	19289250
ENSG00000053371.12	19312146
ENSG00000040487.12	19312325
ENSG00000077549.17	19485539
ENSG00000173436.13	19596976
ENSG00000270136.5	19596978
ENSG00000158747.13	19640553
ENSG00000158748.3	19665286
ENSG00000162542.13	19799945
ENSG00000178828.6	19815278
ENSG00000169914.5	19882512
ENSG00000188784.4	19923617
ENSG00000188257.10	19980416
ENSG00000127472.10	20028178
ENSG00000117215.14	20119566
ENSG00000158786.4	20139325
ENSG00000187980.6	20177424
ENSG00000162543.5	20186084
ENSG00000158816.15	20290918
ENSG00000162545.5	20486220
ENSG00000090432.6	20508161
ENSG00000183114.7	20552438
ENSG00000158825.5	20588947
ENSG00000158828.5	20633454
ENSG00000244038.9	20661544
ENSG00000117245.12	20718017
ENSG00000189410.11	20732837
ENSG00000127483.17	20787323
ENSG00000075151.20	21176888
ENSG00000117298.14	21345504
ENSG00000142794.18	21440127
ENSG00000162551.13	21509371
ENSG00000076864.19	21669363
ENSG00000090686.15	21783606
ENSG00000187942.11	21812264
ENSG00000142798.17	21937297
ENSG00000219073.7	21977020
ENSG00000142789.19	22001655
ENSG00000070831.15	22052626
ENSG00000162552.14	22143969
ENSG00000184677.16	22451850
ENSG00000070886.10	22563563
ENSG00000173372.16	22636505
ENSG00000159189.11	22643629
ENSG00000173369.15	22652761
ENSG00000133216.16	22710838
ENSG00000215906.8	22965338
ENSG00000227868.5	23015850
ENSG00000004487.15	23019447
ENSG00000169641.13	23177808
ENSG00000179546.4	23194729
ENSG00000125944.18	23344336
ENSG00000125945.14	23369442
ENSG00000204219.9	23424740
ENSG00000088280.18	23484568
ENSG00000007968.6	23531220
ENSG00000117318.8	23559794
ENSG00000197880.8	23581494
ENSG00000142676.12	23691778
ENSG00000011007.12	23743154
ENSG00000057757.9	23778404
ENSG00000011009.10	23790969
ENSG00000117308.14	23800804
ENSG00000117305.14	23838620
ENSG00000179163.11	23868294
ENSG00000188822.7	23913362
ENSG00000189266.11	23959108
ENSG00000188529.14	23980927
ENSG00000142661.18	24112175
ENSG00000142677.3	24143121
ENSG00000185436.11	24187959
ENSG00000158055.15	24319321
ENSG00000001460.17	24416934
ENSG00000001461.16	24415793
ENSG00000117602.11	24502350
ENSG00000184454.6	24556110
ENSG00000133226.16	24631715
ENSG00000169504.14	24745356
ENSG00000020633.18	24965121
ENSG00000117614.9	25232502
ENSG00000117616.17	25338213
ENSG00000187010.18	25272392
ENSG00000183726.10	25337916
ENSG00000188672.16	25430192
ENSG00000204178.9	25430857
ENSG00000157978.11	25543579
ENSG00000117643.14	25617467
ENSG00000162430.16	25800175
ENSG00000255054.3	25811469
ENSG00000117640.17	25818639
ENSG00000127423.10	25859458
ENSG00000182749.5	25871253
ENSG00000117632.20	25906991
ENSG00000158006.13	25998157
ENSG00000158008.9	26019883
ENSG00000158014.14	26046133
ENSG00000158022.6	26068436
ENSG00000175087.9	26111164
ENSG00000197245.5	26159019
ENSG00000282872.1	26168581
ENSG00000236782.6	26171821
ENSG00000142684.7	26169870
ENSG00000142675.17	26177402
ENSG00000188782.7	26190560
ENSG00000130695.13	26234152
ENSG00000142669.13	26279175
ENSG00000158062.20	26318363
ENSG00000169442.8	26317956
ENSG00000176092.13	26354130
ENSG00000176083.17	26374522
ENSG00000131914.10	26410777
ENSG00000117682.16	26432281
ENSG00000198830.10	26472449
ENSG00000117676.13	26529760
ENSG00000117713.17	26696032
ENSG00000060642.10	26787471
ENSG00000204160.11	26826709
ENSG00000175793.11	26863137
ENSG00000142751.14	26890297
ENSG00000198746.12	26900466
ENSG00000090273.13	26900237
ENSG00000131910.4	26913966
ENSG00000175707.8	26960406
ENSG00000253368.3	26993706
ENSG00000158246.7	27012836
ENSG00000280403.1	27065365
ENSG00000090020.10	27166981
ENSG00000142784.15	27234515
ENSG00000186501.14	27322144
ENSG00000142765.17	27342019
ENSG00000142733.14	27366892
ENSG00000142748.12	27374824
ENSG00000174950.10	27383380
ENSG00000181773.6	27392643
ENSG00000158195.10	27490158
ENSG00000126705.13	27604431
ENSG00000000938.12	27635277
ENSG00000126709.14	27672218
ENSG00000009780.15	27725978
ENSG00000117758.13	27773182
ENSG00000117751.17	27830777
ENSG00000278868.1	27850744
ENSG00000130775.15	27872542
ENSG00000117748.9	27914746
ENSG00000130768.14	27934992
ENSG00000158156.7	27959461
ENSG00000158161.15	28088696
ENSG00000169403.11	28193936
ENSG00000126698.10	28233025
ENSG00000130770.17	28236108
ENSG00000130766.4	28259526
ENSG00000130772.13	28329001
ENSG00000204138.12	28369581
ENSG00000180198.15	28505942
ENSG00000180098.9	28553084
ENSG00000120656.11	28643085
ENSG00000188060.6	28592199
ENSG00000162419.12	28668731
ENSG00000198492.14	28736620
ENSG00000116329.10	28812141
ENSG00000159023.18	28887090
ENSG00000253304.1	29123935
ENSG00000116350.16	29181987
ENSG00000116353.15	29230942
ENSG00000060656.19	29236515
ENSG00000162510.5	30723587
ENSG00000162511.7	30757820
ENSG00000162512.15	30908761
ENSG00000134644.15	31065991
ENSG00000084628.9	31239554
ENSG00000060688.12	31296782
ENSG00000121766.14	31296981
ENSG00000121769.7	31376850
ENSG00000168528.11	31409564
ENSG00000142910.15	31576484
ENSG00000121764.11	31617685
ENSG00000162517.12	31644896
ENSG00000084636.17	31704319
ENSG00000121753.12	31764893
ENSG00000134668.12	31816051
ENSG00000184007.17	31944856
ENSG00000121774.17	32013828
ENSG00000121775.17	32072030
ENSG00000025800.13	32108037
ENSG00000084652.15	32179685
ENSG00000160050.14	32200385
ENSG00000160051.11	32205660
ENSG00000222046.2	32209093
ENSG00000160055.19	32222359
ENSG00000084623.11	32221927
ENSG00000183615.5	32247232
ENSG00000182866.16	32251238
ENSG00000116478.11	32292085
ENSG00000175130.6	32336379
ENSG00000162526.6	32351520
ENSG00000225828.1	32364278
ENSG00000160058.18	32394731
ENSG00000254553.1	32465056
ENSG00000273274.1	32465068
ENSG00000160062.14	32539426
ENSG00000176261.15	32650903
ENSG00000162521.18	32651141
ENSG00000162520.14	32703596
ENSG00000162522.10	32741884
ENSG00000134684.10	32818153
ENSG00000116497.17	32816766
ENSG00000160097.15	32872482
ENSG00000121905.9	32885993
ENSG00000121900.18	32901438
ENSG00000116514.16	32964685
ENSG00000004455.16	33080996
ENSG00000142920.16	33081103
ENSG00000116525.13	33182059
ENSG00000160094.14	33256544
ENSG00000184389.9	33321098
ENSG00000134686.16	33431052
ENSG00000121903.14	33472644
ENSG00000121904.17	34165842
ENSG00000176256.10	33860474
ENSG00000142698.14	34166882
ENSG00000163866.8	34859816
ENSG00000189280.3	34755046
ENSG00000189433.5	34759740
ENSG00000188910.7	34781188
ENSG00000187513.8	34792997
ENSG00000116544.11	34929585
ENSG00000271741.1	35031741
ENSG00000243749.1	34985353
ENSG00000163867.16	35031968
ENSG00000197056.9	35059785
ENSG00000116560.10	35193148
ENSG00000146463.11	35268966
ENSG00000142687.17	35557950
ENSG00000020129.15	35557472
ENSG00000116819.6	35573369
ENSG00000126067.11	35641844
ENSG00000142686.7	35719472
ENSG00000092853.13	35769967
ENSG00000134698.10	35808171
ENSG00000092847.11	35869807
ENSG00000126070.19	35930717
ENSG00000092850.11	36084074
ENSG00000116863.10	36088874
ENSG00000171812.11	36125220
ENSG00000054116.11	36156053
ENSG00000116871.15	36155578
ENSG00000054118.13	36224415
ENSG00000214193.9	36306386
ENSG00000142694.6	36324154
ENSG00000196182.10	36385896
ENSG00000181817.5	36397892
ENSG00000116885.18	36450451
ENSG00000116898.11	36464437
ENSG00000119535.17	36483278
ENSG00000163873.9	37034129
ENSG00000163874.8	37474551
ENSG00000163875.15	37514774
ENSG00000163877.9	37554302
ENSG00000163879.10	37556918
ENSG00000134697.12	37595935
ENSG00000169218.13	37634923
ENSG00000116922.14	37692249
ENSG00000134690.10	37692417
ENSG00000183317.16	37765133
ENSG00000185090.14	37793801
ENSG00000196449.3	37808185
ENSG00000197982.13	37806978
ENSG00000188786.9	37859620
ENSG00000204084.12	37947057
ENSG00000183431.11	37990921
ENSG00000183386.9	38005606
ENSG00000183520.11	38009257
ENSG00000185668.6	38046794
ENSG00000116954.7	38859823
ENSG00000214114.8	38874105
ENSG00000274944.4	38881617
ENSG00000131233.9	38881587
ENSG00000158315.10	38941799
ENSG00000174574.15	38991222
ENSG00000168653.10	39026317
ENSG00000127603.23	39081315
ENSG00000183682.7	39491645
ENSG00000090621.13	39576790
ENSG00000163909.7	39639945
ENSG00000116981.3	39672038
ENSG00000116983.12	39691689
ENSG00000084072.16	39692181
ENSG00000116985.10	39788861
ENSG00000198754.5	39771348
ENSG00000043514.15	39883511
ENSG00000116990.10	39902256
ENSG00000168389.17	39955111
ENSG00000131236.16	40040232
ENSG00000131238.16	40097703
ENSG00000117000.8	40161372
ENSG00000188800.5	40245946
ENSG00000084073.8	40258106
ENSG00000049089.13	40317816
ENSG00000084070.11	40344849
ENSG00000187801.14	40450101
ENSG00000187815.9	40477214
ENSG00000164002.11	40508740
ENSG00000117010.15	40531560
ENSG00000117016.9	40665657
ENSG00000066136.19	40691569
ENSG00000117013.14	40784011
ENSG00000179862.6	40862366
ENSG00000171793.13	40979334
ENSG00000171790.15	41023237
ENSG00000010803.16	41242154
ENSG00000204060.5	41361921
ENSG00000127129.9	41484673
ENSG00000127124.13	42035925
ENSG00000044012.3	42153420
ENSG00000197273.3	42164718
ENSG00000198815.8	42335877
ENSG00000177181.14	42380794
ENSG00000066185.12	42456267
ENSG00000127125.8	42456116
ENSG00000186409.14	42463329
ENSG00000171960.10	42658424
ENSG00000065978.17	42682426
ENSG00000164007.10	42740254
ENSG00000117385.15	42767084
ENSG00000164008.13	42767268
ENSG00000177868.11	42817252
ENSG00000164010.13	42817123
ENSG00000164011.17	42846572
ENSG00000117394.19	42959173
ENSG00000186973.10	43145152
ENSG00000117395.10	43270936
ENSG00000243710.7	43172148
ENSG00000179178.10	43269993
ENSG00000253313.5	43285617
ENSG00000066056.13	43300992
ENSG00000117400.14	43337806
ENSG00000117399.13	43358954
ENSG00000066322.12	43368074
ENSG00000159479.16	43389808
ENSG00000198198.14	43389881
ENSG00000178922.16	43453989
ENSG00000142949.16	43525186
ENSG00000066135.12	43650157
ENSG00000126091.19	43705823
ENSG00000117407.16	43933319
ENSG00000117408.10	43946938
ENSG00000132768.13	43969999
ENSG00000117410.13	43974486
ENSG00000117411.16	43978942
ENSG00000159214.12	43991358
ENSG00000196517.11	44031467
ENSG00000171872.4	44118849
ENSG00000283039.1	44141631
ENSG00000178028.13	44213454
ENSG00000117419.14	44355260
ENSG00000187147.17	44405193
ENSG00000126106.13	44674555
ENSG00000198520.10	44674691
ENSG00000142945.12	44739817
ENSG00000142937.11	44775250
ENSG00000142959.4	44787705
ENSG00000173846.12	44800224
ENSG00000188396.3	44806675
ENSG00000222009.8	44808481
ENSG00000117425.13	44843063
ENSG00000070785.16	44986722
ENSG00000126107.14	45011329
ENSG00000126088.12	45012146
ENSG00000162415.6	45306209
ENSG00000186603.5	45326904
ENSG00000132781.17	45340470
ENSG00000132773.11	45339669
ENSG00000070759.16	45491166
ENSG00000280670.2	45500079
ENSG00000132763.14	45500052
ENSG00000117450.13	45523047
ENSG00000117448.13	45550542
ENSG00000132780.16	45583845
ENSG00000159588.14	45624057
ENSG00000159592.10	45688113
ENSG00000159596.6	45687213
ENSG00000197429.10	45750650
ENSG00000086015.20	45786986
ENSG00000117461.14	46133036
ENSG00000278139.1	46176488
ENSG00000117472.9	46175072
ENSG00000250719.1	46176478
ENSG00000085998.13	46220305
ENSG00000171357.5	46203333
ENSG00000085999.11	46247687
ENSG00000132128.16	46303608
ENSG00000173660.11	46303630
ENSG00000117481.10	46340176
ENSG00000117480.15	46394264
ENSG00000197587.10	46506995
ENSG00000282881.1	46533614
ENSG00000162456.9	46551527
ENSG00000079277.19	46616843
ENSG00000142961.14	46616891
ENSG00000123472.12	46673867
ENSG00000186118.8	46668854
ENSG00000159658.10	46719064
ENSG00000142973.12	46757837
ENSG00000187048.12	46941484
ENSG00000186377.7	47023567
ENSG00000186160.4	47067487
ENSG00000162365.11	47137434
ENSG00000162366.7	47191044
ENSG00000162367.11	47232220
ENSG00000123473.15	47314147
ENSG00000162368.13	47333796
ENSG00000186790.5	47416071
ENSG00000186564.5	47436016
ENSG00000269113.3	47996895
ENSG00000279096.1	48102067
ENSG00000117834.12	48222684
ENSG00000132122.11	48472208
ENSG00000186094.16	50023913
ENSG00000162373.12	48776969
ENSG00000162374.16	50048013
ENSG00000142700.11	50423500
ENSG00000185104.19	50960263
ENSG00000123080.10	50960744
ENSG00000204006.8	51102233
ENSG00000123091.4	51236270
ENSG00000085831.15	51345116
ENSG00000085832.16	51519328
ENSG00000117859.18	51577178
ENSG00000078618.19	51878937
ENSG00000169213.6	51990764
ENSG00000117862.11	52056171
ENSG00000198841.3	52033816
ENSG00000134717.17	52056124
ENSG00000157077.14	52142093
ENSG00000154222.14	52366193
ENSG00000085840.12	52404459
ENSG00000134748.12	52404563
ENSG00000134744.13	52553487
ENSG00000116157.5	52602371
ENSG00000182183.14	52633343
ENSG00000162377.5	52698366
ENSG00000162378.12	52726466
ENSG00000203995.9	52842510
ENSG00000121310.16	52927212
ENSG00000116171.16	52927228
ENSG00000279054.1	53054949
ENSG00000174348.13	53062051
ENSG00000162383.11	53142632
ENSG00000157184.5	53196428
ENSG00000162384.13	53220617
ENSG00000162385.10	53238610
ENSG00000157193.14	53328070
ENSG00000143006.7	53459398
ENSG00000174332.5	53738106
ENSG00000058804.11	53838860
ENSG00000058799.13	53889834
ENSG00000211452.10	53891238
ENSG00000081870.11	53945929
ENSG00000116212.14	53946076
ENSG00000203985.10	54018186
ENSG00000116209.11	54053504
ENSG00000116205.10	54053586
ENSG00000157211.10	54153770
ENSG00000256407.1	54200073
ENSG00000215883.9	54200036
ENSG00000116221.15	54184040
ENSG00000157216.15	54413479
ENSG00000162390.17	54542256
ENSG00000162391.11	54623556
ENSG00000184313.19	54641753
ENSG00000271723.5	54641785
ENSG00000243725.6	54715821
ENSG00000162396.5	54764514
ENSG00000006555.10	54801267
ENSG00000162398.11	54806062
ENSG00000116133.11	54887218
ENSG00000143001.4	54980791
ENSG00000162399.6	54998932
ENSG00000169174.10	55039547
ENSG00000162402.13	55215113
ENSG00000162407.8	56645301
ENSG00000162409.10	56645321
ENSG00000187889.12	56819696
ENSG00000157131.10	56854805
ENSG00000021852.12	56966140
ENSG00000173406.15	58546734
ENSG00000162600.11	58546802
ENSG00000184292.6	58577773
ENSG00000162601.9	58700092
ENSG00000177606.6	58784327
ENSG00000172456.17	59296637
ENSG00000134709.10	59814785
ENSG00000134716.9	59926790
ENSG00000162598.13	60073770
ENSG00000162599.15	60865258
ENSG00000162604.12	61725423
ENSG00000132849.19	61742476
ENSG00000240563.1	62194830
ENSG00000132854.18	62319414
ENSG00000162607.12	62436296
ENSG00000116641.16	62688368
ENSG00000132855.4	62597486
ENSG00000125703.14	62784134
ENSG00000187140.5	63323040
ENSG00000088035.15	63367589
ENSG00000142856.16	63593721
ENSG00000203965.12	63523371
ENSG00000079739.15	63593275
ENSG00000185483.11	63774021
ENSG00000177414.13	64203626
ENSG00000158966.13	64470791
ENSG00000162437.14	64745094
ENSG00000162434.11	64966504
ENSG00000162433.14	65147548
ENSG00000116675.15	65248218
ENSG00000213625.8	65420586
ENSG00000116678.18	65420651
ENSG00000184588.17	65792513
ENSG00000118473.21	66533382
ENSG00000152760.9	66752458
ENSG00000172410.4	66801256
ENSG00000152763.16	66924887
ENSG00000198160.14	66924894
ENSG00000116704.7	67054099
ENSG00000203963.11	67231853
ENSG00000162594.14	67166399
ENSG00000081985.10	67307363
ENSG00000142864.14	67430415
ENSG00000116717.11	67685060
ENSG00000172380.5	67833467
ENSG00000162595.4	68051631
ENSG00000116729.13	68233120
ENSG00000116745.6	68449959
ENSG00000024526.16	68497221
ENSG00000033122.18	69568397
ENSG00000066557.5	70205620
ENSG00000116754.13	70205681
ENSG00000118454.12	70354734
ENSG00000197568.13	70354804
ENSG00000279230.1	70366135
ENSG00000116761.11	70411217
ENSG00000050628.20	71047808
ENSG00000132485.12	71081297
ENSG00000172260.13	72282734
ENSG00000162620.15	74198187
ENSG00000254685.6	74198211
ENSG00000259030.6	74198234
ENSG00000116783.14	74235400
ENSG00000162621.6	74512614
ENSG00000178965.13	74673738
ENSG00000116791.13	74733408
ENSG00000162623.15	74733151
ENSG00000162624.14	75128433
ENSG00000137968.16	75611116
ENSG00000117054.13	75724346
ENSG00000137955.15	75786196
ENSG00000057468.6	75796881
ENSG00000154007.6	75932431
ENSG00000184005.10	76074718
ENSG00000117069.14	76867440
ENSG00000142892.14	77219430
ENSG00000154027.18	77282050
ENSG00000036549.12	77683419
ENSG00000077254.14	77759852
ENSG00000180488.14	77779623
ENSG00000162614.18	77888512
ENSG00000162613.16	77979110
ENSG00000162616.8	77979174
ENSG00000137960.5	77979541
ENSG00000122420.9	78303883
ENSG00000137959.15	78619921
ENSG00000137965.10	78649795
ENSG00000162618.12	79006718
ENSG00000117114.19	81306159
ENSG00000137941.16	83999150
ENSG00000142875.19	84078061
ENSG00000203943.8	84298365
ENSG00000137976.7	84398531
ENSG00000117133.10	84479258
ENSG00000174021.10	84506565
ENSG00000117151.12	84574480
ENSG00000117155.16	84690803
ENSG00000171517.5	84893213
ENSG00000153898.12	84997113
ENSG00000162643.12	84999146
ENSG00000055732.12	85048499
ENSG00000097096.8	85201046
ENSG00000162642.13	85259672
ENSG00000142867.12	85277090
ENSG00000153904.18	85578363
ENSG00000142871.15	85580760
ENSG00000117174.10	85708433
ENSG00000171502.14	86156943
ENSG00000122417.15	86396342
ENSG00000137975.7	86424085
ENSG00000016490.15	86468367
ENSG00000016602.9	86547077
ENSG00000097033.14	86704569
ENSG00000183291.15	86914424
ENSG00000153936.16	86914647
ENSG00000267561.2	86993008
ENSG00000143013.12	87328467
ENSG00000065243.18	88684221
ENSG00000137947.11	88891944
ENSG00000137944.16	88992953
ENSG00000213516.9	88992960
ENSG00000117226.11	89022894
ENSG00000117228.9	89065360
ENSG00000162645.12	89150456
ENSG00000213512.1	89176040
ENSG00000162654.8	89198932
ENSG00000154451.14	89272804
ENSG00000183347.14	89364057
ENSG00000197147.12	89524835
ENSG00000171488.14	89633071
ENSG00000271949.1	89633139
ENSG00000171492.14	89821013
ENSG00000162664.16	89995111
ENSG00000143032.7	90717237
ENSG00000122482.20	91022272
ENSG00000162669.15	91404869
ENSG00000097046.12	91500892
ENSG00000069702.10	91906335
ENSG00000137948.18	91949370
ENSG00000172031.6	92029981
ENSG00000230667.5	92075441
ENSG00000189195.9	92080304
ENSG00000069712.10	92167051
ENSG00000203910.8	92217939
ENSG00000174842.16	92298987
ENSG00000122484.8	92298964
ENSG00000162676.11	92486876
ENSG00000067208.14	92792404
ENSG00000122406.12	92832024
ENSG00000154511.11	92961522
ENSG00000143033.17	93079234
ENSG00000117500.12	93180728
ENSG00000122483.17	93179918
ENSG00000117505.12	93345887
ENSG00000137942.16	93448130
ENSG00000137936.16	93847150
ENSG00000067334.13	93879918
ENSG00000023909.9	93909456
ENSG00000198691.11	94121132
ENSG00000137962.12	94275068
ENSG00000117528.11	94418454
ENSG00000117525.13	94541800
ENSG00000143036.16	94820341
ENSG00000117519.15	94927278
ENSG00000172339.9	95072945
ENSG00000152078.9	95117337
ENSG00000271092.5	95117922
ENSG00000122481.16	95234154
ENSG00000117569.18	96721664
ENSG00000188641.12	97921049
ENSG00000162627.16	98661700
ENSG00000117598.11	99005032
ENSG00000117600.12	99263952
ENSG00000099260.10	99645942
ENSG00000156869.12	99766631
ENSG00000162688.15	99850083
ENSG00000117620.12	99969788
ENSG00000156875.13	100038096
ENSG00000156876.9	100132955
ENSG00000122435.9	100133149
ENSG00000122477.12	100178273
ENSG00000137992.14	100249834
ENSG00000137996.12	100266206
ENSG00000079335.18	100345024
ENSG00000181656.6	100538136
ENSG00000162692.10	100719741
ENSG00000162694.13	100895998
ENSG00000162695.11	100896075
ENSG00000117543.19	101026088
ENSG00000170989.8	101236887
ENSG00000118733.16	101997030
ENSG00000060718.19	103108496
ENSG00000185946.15	103525690
ENSG00000240038.6	103553814
ENSG00000243480.7	103616810
ENSG00000237763.9	103655289
ENSG00000174876.16	103696680
ENSG00000187733.6	103750405
ENSG00000198890.7	107056678
ENSG00000162631.18	107140006
ENSG00000134215.15	107965144
ENSG00000085491.15	108200849
ENSG00000196427.13	108244081
ENSG00000186086.16	108375798
ENSG00000162636.15	108560088
ENSG00000162639.15	108661526
ENSG00000134186.11	108692322
ENSG00000143107.8	108712656
ENSG00000116266.10	108746673
ENSG00000162641.18	108858228
ENSG00000274068.1	108963484
ENSG00000121957.12	108875349
ENSG00000121940.15	108963457
ENSG00000085433.15	109042113
ENSG00000197780.9	109076002
ENSG00000215717.5	109089802
ENSG00000179902.12	109113857
ENSG00000116299.16	109113678
ENSG00000031698.12	109213917
ENSG00000143126.7	109250018
ENSG00000134222.16	109283186
ENSG00000221986.6	109307041
ENSG00000134243.11	109397951
ENSG00000143106.12	109426427
ENSG00000143028.8	109466627
ENSG00000162650.15	109483478
ENSG00000174151.14	109494051
ENSG00000181754.6	109509738
ENSG00000156097.12	109539871
ENSG00000065135.8	109548610
ENSG00000134183.11	109619929
ENSG00000116337.15	109616103
ENSG00000168765.15	109656080
ENSG00000213366.12	109668021
ENSG00000134184.12	109687813
ENSG00000134201.10	109712254
ENSG00000134202.10	109741038
ENSG00000198758.10	109764027
ENSG00000184371.13	109910241
ENSG00000168710.17	109984685
ENSG00000143093.14	110031576
ENSG00000156150.6	110070700
ENSG00000186150.4	110112467
ENSG00000197106.6	110150485
ENSG00000116396.13	110211342
ENSG00000162775.14	110338505
ENSG00000168679.17	110391082
ENSG00000134248.13	110407942
ENSG00000143125.5	110451199
ENSG00000143105.6	110518838
ENSG00000177301.13	110631474
ENSG00000177272.8	110675033
ENSG00000143119.12	110873153
ENSG00000121931.15	110964079
ENSG00000156171.14	111140216
ENSG00000134255.13	111139626
ENSG00000162777.16	111204535
ENSG00000064886.13	111200770
ENSG00000134216.18	111290861
ENSG00000173947.13	111346287
ENSG00000085465.12	111427777
ENSG00000116455.13	111449376
ENSG00000116459.10	111448863
ENSG00000143110.11	111473791
ENSG00000121933.17	111563962
ENSG00000282608.1	111503760
ENSG00000116473.14	111542217
ENSG00000197852.9	111755824
ENSG00000064703.11	111755244
ENSG00000171385.9	111989155
ENSG00000143079.14	112396180
ENSG00000134245.17	112466540
ENSG00000007341.18	112620825
ENSG00000116489.12	112619172
ENSG00000155363.18	112673140
ENSG00000155366.16	112707434
ENSG00000271810.5	112711433
ENSG00000155367.15	112715477
ENSG00000184599.13	112720418
ENSG00000155380.11	112957013
ENSG00000198799.11	113073208
ENSG00000081026.18	113390748
ENSG00000116793.15	113759489
ENSG00000081019.13	113812476
ENSG00000134242.15	113871759
ENSG00000188761.11	113887547
ENSG00000134262.12	113905201
ENSG00000118655.4	113905140
ENSG00000163349.21	113929191
ENSG00000116774.11	113979390
ENSG00000134207.14	114153919
ENSG00000197323.10	114511160
ENSG00000116752.5	114581639
ENSG00000175984.14	114670422
ENSG00000116748.19	114695618
ENSG00000213281.4	114716894
ENSG00000009307.15	114758676
ENSG00000052723.11	114780685
ENSG00000198765.11	114854802
ENSG00000134200.3	115029823
ENSG00000134198.9	115089500
ENSG00000134259.3	115338236
ENSG00000173218.14	115641952
ENSG00000118729.11	115768781
ENSG00000177551.5	115843917
ENSG00000163393.12	115976497
ENSG00000173212.4	116111754
ENSG00000163399.15	116372667
ENSG00000116815.15	116571039
ENSG00000143061.17	116667755
ENSG00000116824.4	116754384
ENSG00000134247.9	116910056
ENSG00000134256.12	117001749
ENSG00000116830.11	117060302
ENSG00000134253.9	117122587
ENSG00000134258.16	117210960
ENSG00000198162.12	117367448
ENSG00000183508.4	117605933
ENSG00000196505.10	117929630
ENSG00000065183.15	117929719
ENSG00000155761.13	118185223
ENSG00000092607.13	118989556
ENSG00000116874.11	119140671
ENSG00000116882.14	119368778
ENSG00000203859.9	119414930
ENSG00000203857.9	119507197
ENSG00000143067.4	119647773
ENSG00000092621.11	119659797
ENSG00000134240.11	119768905
ENSG00000134193.14	119811660
ENSG00000134249.6	119896495
ENSG00000134250.17	120069626
ENSG00000265808.3	120176515
ENSG00000278882.1	120723922
ENSG00000273136.5	120805417
ENSG00000263353.3	120889745
ENSG00000281741.1	120914238
ENSG00000198019.12	121087344
ENSG00000188610.12	121185539
ENSG00000171943.11	121184809
ENSG00000203818.7	143905966
ENSG00000263513.5	143971965
ENSG00000271567.1	144373659
ENSG00000266338.6	144461674
ENSG00000279782.1	144592867
ENSG00000196369.10	145095528
ENSG00000215784.5	145095999
ENSG00000281571.1	145214850
ENSG00000256374.2	145242124
ENSG00000162825.16	145405778
ENSG00000117262.18	145607989
ENSG00000174827.13	145708148
ENSG00000117281.15	145719470
ENSG00000265491.4	145824077
ENSG00000186141.8	145824087
ENSG00000186364.11	145845628
ENSG00000131788.15	145859836
ENSG00000198483.12	145885866
ENSG00000143127.12	145910189
ENSG00000131779.10	145918837
ENSG00000265241.6	145927678
ENSG00000280778.1	145927257
ENSG00000271601.3	145958001
ENSG00000272031.2	145964582
ENSG00000121851.12	145964701
ENSG00000265972.5	145996600
ENSG00000168509.18	146021918
ENSG00000271425.6	146144942
ENSG00000213240.8	146229000
ENSG00000264343.5	146229026
ENSG00000270339.2	146344790
ENSG00000268043.7	146938743
ENSG00000131791.7	147172550
ENSG00000131781.12	147243050
ENSG00000131778.17	147242640
ENSG00000116128.9	147541411
ENSG00000162836.11	147670496
ENSG00000265107.2	147773362
ENSG00000121634.5	147907955
ENSG00000188092.14	147928392
ENSG00000263956.5	148152322
ENSG00000280649.1	148458813
ENSG00000236334.2	148483679
ENSG00000270629.5	148679751
ENSG00000178104.19	148808180
ENSG00000269713.7	149103561
ENSG00000271383.6	149390622
ENSG00000263464.2	149583864
ENSG00000272058.2	149702327
ENSG00000150337.13	149782670
ENSG00000203814.6	149812373
ENSG00000183598.3	149813681
ENSG00000270882.2	149832658
ENSG00000203811.1	149841193
ENSG00000203812.2	149842736
ENSG00000184678.9	149886652
ENSG00000272196.2	149851060
ENSG00000203852.3	149852618
ENSG00000270276.2	149861210
ENSG00000184260.5	149886974
ENSG00000184270.4	149887916
ENSG00000178096.8	149887889
ENSG00000159164.9	149917882
ENSG00000143368.9	149928344
ENSG00000014914.19	149936898
ENSG00000264522.5	150010676
ENSG00000136631.12	150067292
ENSG00000023902.13	150149182
ENSG00000143401.14	150236156
ENSG00000118298.10	150257158
ENSG00000117362.12	150269580
ENSG00000118292.8	150268199
ENSG00000159208.15	150282542
ENSG00000266472.5	150293719
ENSG00000278939.1	150303291
ENSG00000117360.12	150321475
ENSG00000163125.15	150363090
ENSG00000143374.14	150487363
ENSG00000143369.14	150508061
ENSG00000143382.13	150549368
ENSG00000143384.12	150579738
ENSG00000143420.17	150629612
ENSG00000143457.10	150697144
ENSG00000143452.15	150720888
ENSG00000163131.10	150765957
ENSG00000143387.12	150808323
ENSG00000143437.20	150876768
ENSG00000143379.12	150926262
ENSG00000143418.19	150975004
ENSG00000143412.9	150982016
ENSG00000143409.15	151008375
ENSG00000143363.15	151008419
ENSG00000163141.18	151036569
ENSG00000143443.9	151047739
ENSG00000197622.12	151070325
ENSG00000213190.3	151057757
ENSG00000143458.11	151070577
ENSG00000143434.15	151146664
ENSG00000163154.5	151156628
ENSG00000163156.11	151156663
ENSG00000163155.11	151165948
ENSG00000163157.14	151176284
ENSG00000163159.11	151195321
ENSG00000143398.19	151197948
ENSG00000159352.15	151254702
ENSG00000143373.17	151281617
ENSG00000143393.16	151327715
ENSG00000143390.17	151347357
ENSG00000143416.20	151372733
ENSG00000159377.10	151399533
ENSG00000143442.21	151459465
ENSG00000143375.14	151510509
ENSG00000143367.15	151540304
ENSG00000143376.12	151612064
ENSG00000159409.14	151716814
ENSG00000178796.12	151710432
ENSG00000143436.10	151763564
ENSG00000143450.15	151762898
ENSG00000182134.15	151791416
ENSG00000213171.2	151806154
ENSG00000143365.16	151831872
ENSG00000225556.1	151840557
ENSG00000196407.11	151853697
ENSG00000159445.12	151909808
ENSG00000197747.8	151994390
ENSG00000163191.5	152047907
ENSG00000182898.3	152089064
ENSG00000159450.12	152115454
ENSG00000215853.3	152159228
ENSG00000197915.5	152224193
ENSG00000143631.10	152325203
ENSG00000143520.6	152360006
ENSG00000143536.7	152414263
ENSG00000186207.4	152510843
ENSG00000244057.3	152511534
ENSG00000279850.1	152512783
ENSG00000169509.5	152514501
ENSG00000185966.3	152566772
ENSG00000163202.4	152580504
ENSG00000187238.5	152613810
ENSG00000185962.1	152623103
ENSG00000187223.3	152663395
ENSG00000187180.3	152675294
ENSG00000159455.8	152686122
ENSG00000187173.3	152698363
ENSG00000187170.4	152708159
ENSG00000198854.5	152719521
ENSG00000203786.6	152759560
ENSG00000240386.3	152776371
ENSG00000186226.8	152786213
ENSG00000172155.9	152796750
ENSG00000197084.5	152806628
ENSG00000196734.8	152811970
ENSG00000186844.5	152827472
ENSG00000235942.2	152842867
ENSG00000163206.5	152878316
ENSG00000163207.6	152908544
ENSG00000184148.3	152970665
ENSG00000169474.4	152985230
ENSG00000163209.14	153001746
ENSG00000169469.8	153031201
ENSG00000163216.6	153041931
ENSG00000241794.1	153057537
ENSG00000196805.7	153070840
ENSG00000203785.8	153106184
ENSG00000244094.1	153113515
ENSG00000159516.8	153150869
ENSG00000203784.2	153203442
ENSG00000203783.4	153217583
ENSG00000203782.5	153259699
ENSG00000159527.3	153310718
ENSG00000163218.14	153348840
ENSG00000163220.10	153357853
ENSG00000163221.8	153375649
ENSG00000143546.9	153391188
ENSG00000184330.11	153416523
ENSG00000197364.6	153439949
ENSG00000143556.8	153460701
ENSG00000197956.9	153536244
ENSG00000196420.7	153541765
ENSG00000196154.11	153550136
ENSG00000188015.9	153549372
ENSG00000196754.10	153567890
ENSG00000188643.10	153613145
ENSG00000189334.8	153616986
ENSG00000189171.14	153631360
ENSG00000160678.11	153627925
ENSG00000160679.12	153633981
ENSG00000143553.10	153658653
ENSG00000143621.16	153671048
ENSG00000169418.9	153678636
ENSG00000143624.13	153728066
ENSG00000279767.1	153774079
ENSG00000143554.13	153774353
ENSG00000143614.8	153922975
ENSG00000198837.9	153946696
ENSG00000160741.16	153958625
ENSG00000143570.17	153968184
ENSG00000143578.15	153967533
ENSG00000143543.14	153977688
ENSG00000143545.8	153986358
ENSG00000177954.11	153990758
ENSG00000143552.9	154155116
ENSG00000143549.19	154194648
ENSG00000163263.6	154206333
ENSG00000143612.18	154220628
ENSG00000143569.18	154220178
ENSG00000143575.14	154272510
ENSG00000143595.12	154321089
ENSG00000143515.16	154325552
ENSG00000160712.12	154405192
ENSG00000169291.9	154502113
ENSG00000163239.12	154502218
ENSG00000160714.9	154559028
ENSG00000160716.4	154567780
ENSG00000160710.15	154627999
ENSG00000143603.18	154870280
ENSG00000163344.5	154936991
ENSG00000163346.16	154956123
ENSG00000163348.3	154963853
ENSG00000160691.18	154974395
ENSG00000173207.12	154974652
ENSG00000160688.18	154983337
ENSG00000163352.5	154993585
ENSG00000160685.13	155002629
ENSG00000163354.14	155033781
ENSG00000163357.10	155033823
ENSG00000143537.13	155050565
ENSG00000243364.7	155063730
ENSG00000251246.1	155063747
ENSG00000143590.13	155078871
ENSG00000169242.11	155127459
ENSG00000169241.17	155135343
ENSG00000179085.7	155140595
ENSG00000163463.11	155173475
ENSG00000273088.1	155187272
ENSG00000163462.17	155173786
ENSG00000185499.16	155192916
ENSG00000279986.1	155188586
ENSG00000279487.1	155190049
ENSG00000169231.13	155209051
ENSG00000173171.14	155208698
ENSG00000177628.15	155244699
ENSG00000160767.20	155255483
ENSG00000116521.10	155262430
ENSG00000176444.18	155278491
ENSG00000143630.9	155277582
ENSG00000143627.17	155301434
ENSG00000160752.14	155308747
ENSG00000160753.15	155320895
ENSG00000116539.10	155562807
ENSG00000125459.14	155610204
ENSG00000163374.19	155689000
ENSG00000132676.15	155687959
ENSG00000116580.18	155859400
ENSG00000132718.8	155859508
ENSG00000143622.10	155911404
ENSG00000132680.10	155934400
ENSG00000173080.5	155941709
ENSG00000116584.17	156007070
ENSG00000163479.13	156020959
ENSG00000160803.7	156053794
ENSG00000116586.11	156054751
ENSG00000132698.13	156061159
ENSG00000254726.2	156081998
ENSG00000160789.19	156082572
ENSG00000196189.12	156147365
ENSG00000160785.13	156193931
ENSG00000260238.6	156212981
ENSG00000160783.19	156212992
ENSG00000242252.1	156241961
ENSG00000160781.15	156248117
ENSG00000198952.8	156282825
ENSG00000163472.18	156282934
ENSG00000198715.11	156295689
ENSG00000189030.9	156299299
ENSG00000163468.14	156367873
ENSG00000163467.11	156337313
ENSG00000132677.12	156369211
ENSG00000125462.16	156430701
ENSG00000116604.17	156500828
ENSG00000183856.10	156572604
ENSG00000187862.11	156579726
ENSG00000163382.11	156591761
ENSG00000160818.16	156601496
ENSG00000280316.1	156597172
ENSG00000132702.12	156619293
ENSG00000132692.18	156641389
ENSG00000132688.10	156677397
ENSG00000143320.8	156705816
ENSG00000143319.16	156728799
ENSG00000143303.11	156728441
ENSG00000143314.12	156741590
ENSG00000143321.18	156766925
ENSG00000143294.14	156750609
ENSG00000027869.11	156816862
ENSG00000198400.11	156815639
ENSG00000027644.4	156859018
ENSG00000187800.13	156893697
ENSG00000160838.13	156920649
ENSG00000132694.18	157045370
ENSG00000253831.1	157099808
ENSG00000117036.11	157138474
ENSG00000143297.18	157552520
ENSG00000163518.10	157598080
ENSG00000160856.20	157700857
ENSG00000132704.15	157777132
ENSG00000163534.14	157820105
ENSG00000073754.5	157898256
ENSG00000183853.17	157993272
ENSG00000158473.6	158179946
ENSG00000158477.6	158254136
ENSG00000158481.12	158289785
ENSG00000158485.10	158331531
ENSG00000158488.15	158353695
ENSG00000186306.1	158399466
ENSG00000180708.4	158420866
ENSG00000173285.3	158465561
ENSG00000198965.3	158479877
ENSG00000197532.1	158548105
ENSG00000186440.1	158563604
ENSG00000186400.3	158579899
ENSG00000198967.3	158606438
ENSG00000163554.11	158686698
ENSG00000196171.3	158700652
ENSG00000203757.1	158718163
ENSG00000180433.4	158754719
ENSG00000197403.3	158766682
ENSG00000188340.1	158777635
ENSG00000163563.7	158831316
ENSG00000163564.14	158930795
ENSG00000163565.18	158999967
ENSG00000163568.13	159147096
ENSG00000162706.12	159171608
ENSG00000213088.9	159203306
ENSG00000179639.10	159289713
ENSG00000196266.4	159314659
ENSG00000196184.8	159439721
ENSG00000184155.8	159536007
ENSG00000132703.3	159587824
ENSG00000132693.12	159714589
ENSG00000158716.8	159780931
ENSG00000181036.13	159800510
ENSG00000158714.10	159826749
ENSG00000188004.9	159855347
ENSG00000243284.1	159862657
ENSG00000256029.5	159873053
ENSG00000213085.9	159900163
ENSG00000158710.14	159925732
ENSG00000085552.16	159945604
ENSG00000162723.9	159954254
ENSG00000143315.6	160031991
ENSG00000177807.6	160070248
ENSG00000162728.4	160081569
ENSG00000162729.13	160098943
ENSG00000018625.14	160115758
ENSG00000132681.16	160151569
ENSG00000143318.12	160190555
ENSG00000162734.12	160205336
ENSG00000132716.18	160262531
ENSG00000258465.6	160285130
ENSG00000162735.18	160286348
ENSG00000122218.14	160343400
ENSG00000162736.15	160343271
ENSG00000171786.5	160367066
ENSG00000162738.5	160400585
ENSG00000162739.13	160523262
ENSG00000066294.14	160579516
ENSG00000117090.14	160647295
ENSG00000117091.9	160711851
ENSG00000026751.16	160739056
ENSG00000122224.17	160796073
ENSG00000122223.12	160862855
ENSG00000179914.4	160885170
ENSG00000158764.6	160954799
ENSG00000158769.17	161021348
ENSG00000270149.5	161038962
ENSG00000215845.10	161038990
ENSG00000158773.14	161045977
ENSG00000186517.13	161069970
ENSG00000278883.1	161065864
ENSG00000143217.8	161089599
ENSG00000162755.13	161098360
ENSG00000143256.4	161118111
ENSG00000158793.13	161118085
ENSG00000158796.16	161132688
ENSG00000143222.11	161152775
ENSG00000143258.15	161159449
ENSG00000143224.17	161166409
ENSG00000158850.14	161177968
ENSG00000158859.9	161199056
ENSG00000158864.12	161197103
ENSG00000158869.10	161215233
ENSG00000158874.11	161223631
ENSG00000158882.12	161225938
ENSG00000143257.11	161238302
ENSG00000248485.1	161258726
ENSG00000158887.15	161309972
ENSG00000143252.14	161314256
ENSG00000188931.3	161367874
ENSG00000143226.13	161505429
ENSG00000173110.7	161524539
ENSG00000203747.9	161550737
ENSG00000162747.9	161631963
ENSG00000072694.19	161663146
ENSG00000132185.16	161706971
ENSG00000162746.14	161721562
ENSG00000081721.11	161749757
ENSG00000118217.5	161766293
ENSG00000162745.10	162023854
ENSG00000198929.12	162069773
ENSG00000254706.2	162365406
ENSG00000239887.4	162366907
ENSG00000171722.11	162376870
ENSG00000198574.5	162412138
ENSG00000152332.15	162497250
ENSG00000117143.13	162561505
ENSG00000162733.16	162631372
ENSG00000132196.13	162790701
ENSG00000185860.13	162868815
ENSG00000117152.13	163068774
ENSG00000143248.12	163321791
ENSG00000143228.12	163266575
ENSG00000185630.18	164555583
ENSG00000162761.14	165356715
ENSG00000143171.12	165445355
ENSG00000162763.3	165544006
ENSG00000143198.12	165630860
ENSG00000143149.12	165698863
ENSG00000143183.16	165827755
ENSG00000143179.12	165827530
ENSG00000188859.6	166166969
ENSG00000143157.11	166839446
ENSG00000152382.5	166876327
ENSG00000143195.12	166975482
ENSG00000143194.12	166975581
ENSG00000143167.11	167166479
ENSG00000198842.9	167094044
ENSG00000143190.21	167220828
ENSG00000198821.10	167518610
ENSG00000143162.7	167553767
ENSG00000198771.10	167630092
ENSG00000197965.11	167721191
ENSG00000143199.17	167914215
ENSG00000143158.10	167937040
ENSG00000143164.15	167935782
ENSG00000143147.14	168137667
ENSG00000143155.12	168178932
ENSG00000213064.9	168225937
ENSG00000143178.12	168281039
ENSG00000143185.3	168543997
ENSG00000143184.4	168576472
ENSG00000143196.4	168729264
ENSG00000143153.12	169105696
ENSG00000143156.13	169367967
ENSG00000117475.13	169367969
ENSG00000117477.12	169460669
ENSG00000117479.12	169486003
ENSG00000198734.10	169586588
ENSG00000174175.16	169630193
ENSG00000000460.16	169662006
ENSG00000188404.8	169711698
ENSG00000007908.15	169764705
ENSG00000171806.11	169794966
ENSG00000000457.13	169894267
ENSG00000075945.12	170085208
ENSG00000203740.3	170146000
ENSG00000120370.12	170532128
ENSG00000116132.11	170662727
ENSG00000117501.14	170935470
ENSG00000007933.12	171090876
ENSG00000094963.13	171185207
ENSG00000010932.15	171248470
ENSG00000076258.9	171314207
ENSG00000117523.15	171485550
ENSG00000034971.14	171652683
ENSG00000117533.14	171742247
ENSG00000010165.19	171781663
ENSG00000197959.13	171841497
ENSG00000135845.9	172444086
ENSG00000180999.10	172420687
ENSG00000094975.13	172532348
ENSG00000117560.7	172659017
ENSG00000120337.8	173050963
ENSG00000117586.10	173207313
ENSG00000117592.8	173477265
ENSG00000162753.11	173603094
ENSG00000183831.6	173669862
ENSG00000076321.10	173714940
ENSG00000120334.15	173824720
ENSG00000117593.9	173824502
ENSG00000185278.14	173868081
ENSG00000117601.13	173917378
ENSG00000135870.11	174022297
ENSG00000152061.22	174159409
ENSG00000203737.3	174448110
ENSG00000116161.17	174999162
ENSG00000120333.4	175023425
ENSG00000120332.15	175067857
ENSG00000235750.9	175192999
ENSG00000116147.16	175743770
ENSG00000143207.19	176207493
ENSG00000116183.10	176463170
ENSG00000152092.15	177164973
ENSG00000198797.6	177171496
ENSG00000120341.18	177984303
ENSG00000075391.16	178094140
ENSG00000240021.9	178513076
ENSG00000116191.17	178725146
ENSG00000116194.12	178871052
ENSG00000116199.11	179025803
ENSG00000186283.13	179081376
ENSG00000143322.19	179229684
ENSG00000057252.12	179293713
ENSG00000162779.20	179365719
ENSG00000116218.12	179575952
ENSG00000162782.15	179591612
ENSG00000143340.6	179743162
ENSG00000169905.12	179877803
ENSG00000143337.18	179882041
ENSG00000135837.15	179954737
ENSG00000116260.16	180154833
ENSG00000121454.5	180230285
ENSG00000230124.6	180502954
ENSG00000143324.13	180632003
ENSG00000135835.10	180913153
ENSG00000135823.13	181023121
ENSG00000153029.14	181033424
ENSG00000162783.10	181088711
ENSG00000198216.10	181413101
ENSG00000179930.5	182061712
ENSG00000135821.16	182392206
ENSG00000203730.2	182400616
ENSG00000121446.18	182409191
ENSG00000135828.11	182589256
ENSG00000143333.6	182604408
ENSG00000135824.12	182684576
ENSG00000135838.13	182789292
ENSG00000135829.16	182839368
ENSG00000157060.14	182953525
ENSG00000135862.5	183023459
ENSG00000058085.14	183186237
ENSG00000157064.10	183418602
ENSG00000116698.20	183472215
ENSG00000116701.14	183590876
ENSG00000162704.15	183635757
ENSG00000143344.15	183636084
ENSG00000173627.7	183653316
ENSG00000198756.10	184037729
ENSG00000198860.11	184051676
ENSG00000116667.12	184387057
ENSG00000116406.18	184754913
ENSG00000135842.16	184974550
ENSG00000121481.10	185045363
ENSG00000121486.11	185157072
ENSG00000116668.12	185157079
ENSG00000116679.15	185317329
ENSG00000143341.11	185734550
ENSG00000116690.12	186296278
ENSG00000047410.13	186375693
ENSG00000157181.15	186375837
ENSG00000279374.1	186396776
ENSG00000262180.1	186400571
ENSG00000116703.13	186461122
ENSG00000073756.11	186680427
ENSG00000116711.9	186828952
ENSG00000162670.10	190478404
ENSG00000150681.9	192158456
ENSG00000253148.1	192316991
ENSG00000090104.11	192575726
ENSG00000127074.14	192636137
ENSG00000116741.7	192809038
ENSG00000116750.13	193060080
ENSG00000116747.12	193059421
ENSG00000023572.8	193106114
ENSG00000134371.9	193122016
ENSG00000162630.5	193186654
ENSG00000162687.16	196609225
ENSG00000000971.15	196651877
ENSG00000116785.13	196774794
ENSG00000276911.1	196819744
ENSG00000244414.6	196819756
ENSG00000134365.12	196850240
ENSG00000080910.11	196943771
ENSG00000134389.9	196977555
ENSG00000143278.3	197067267
ENSG00000066279.16	197146694
ENSG00000177888.7	197200542
ENSG00000134376.14	197268203
ENSG00000213047.11	197775696
ENSG00000203724.10	197902646
ENSG00000143355.15	197911901
ENSG00000151414.14	198156962
ENSG00000151418.11	198540945
ENSG00000081237.18	198638670
ENSG00000116833.13	200027601
ENSG00000162702.7	200410056
ENSG00000118193.11	200620734
ENSG00000118197.13	200669969
ENSG00000118200.14	200739557
ENSG00000170128.3	200873037
ENSG00000163362.10	200891047
ENSG00000116852.14	201023700
ENSG00000081248.10	201112566
ENSG00000232237.3	201127184
ENSG00000116857.16	201171574
ENSG00000163395.16	201190824
ENSG00000081277.11	201283451
ENSG00000118194.18	201377762
ENSG00000159166.13	201399915
ENSG00000159173.18	201429866
ENSG00000174307.6	201469237
ENSG00000159176.13	201509456
ENSG00000134369.15	201622884
ENSG00000198700.9	201829140
ENSG00000198892.6	201888679
ENSG00000163431.12	201946588
ENSG00000134375.10	201955490
ENSG00000176393.10	201982371
ENSG00000163435.15	202007944
ENSG00000170075.8	202122857
ENSG00000143862.7	202144743
ENSG00000143851.15	202161588
ENSG00000133067.17	202193900
ENSG00000077152.9	202341980
ENSG00000077157.21	202348698
ENSG00000143858.11	202710417
ENSG00000117139.16	202809470
ENSG00000183155.4	202889135
ENSG00000117153.15	202928636
ENSG00000159346.12	202958572
ENSG00000159348.12	202967280
ENSG00000163444.11	203007385
ENSG00000143847.15	203026497
ENSG00000122180.4	203086036
ENSG00000163485.15	203090653
ENSG00000133055.8	203175813
ENSG00000133048.12	203186749
ENSG00000133063.15	203273641
ENSG00000159388.5	203305490
ENSG00000122176.10	203351489
ENSG00000188783.5	203475827
ENSG00000188770.9	203494142
ENSG00000058668.14	203626560
ENSG00000122188.12	203765175
ENSG00000058673.15	203795653
ENSG00000257315.1	203796308
ENSG00000182004.12	203861602
ENSG00000143842.14	204073114
ENSG00000143845.14	204152003
ENSG00000143839.13	204166322
ENSG00000170498.8	204196486
ENSG00000174567.7	204214092
ENSG00000143850.12	204377665
ENSG00000158615.8	204411791
ENSG00000133056.13	204494724
ENSG00000198625.12	204516378
ENSG00000170382.11	204685733
ENSG00000163531.15	204828650
ENSG00000184144.9	205043196
ENSG00000174529.7	205084460
ENSG00000117222.13	205122015
ENSG00000133059.16	205211566
ENSG00000133069.14	205228175
ENSG00000163545.8	205321791
ENSG00000162873.14	205357090
ENSG00000186007.9	205457091
ENSG00000117266.15	205504594
ENSG00000174514.12	205568884
ENSG00000158711.13	205631962
ENSG00000158715.5	205680459
ENSG00000069275.12	205750276
ENSG00000117280.12	205775460
ENSG00000133065.10	205813748
ENSG00000162877.12	205850132
ENSG00000174502.18	205943460
ENSG00000276600.4	206003461
ENSG00000196188.10	206023909
ENSG00000263961.6	206037230
ENSG00000198049.6	206117699
ENSG00000196550.10	206204414
ENSG00000266028.7	206203344
ENSG00000263528.7	206470475
ENSG00000266094.6	206507529
ENSG00000143486.15	206612463
ENSG00000143479.15	206635535
ENSG00000162889.10	206684943
ENSG00000136634.5	206772494
ENSG00000142224.15	206798869
ENSG00000162891.10	206865353
ENSG00000162892.15	206897442
ENSG00000162894.11	206923247
ENSG00000162896.5	206946466
ENSG00000162897.14	206970625
ENSG00000182795.12	207032756
ENSG00000123836.14	207034365
ENSG00000180667.10	207052980
ENSG00000123843.12	207088841
ENSG00000123838.10	207104261
ENSG00000196352.14	207321507
ENSG00000117322.16	207454229
ENSG00000203710.10	207496146
ENSG00000197721.16	207645112
ENSG00000117335.18	207752056
ENSG00000174059.16	207911402
ENSG00000076356.6	208244320
ENSG00000008118.9	209583716
ENSG00000196878.12	209652466
ENSG00000123689.5	209675419
ENSG00000117594.9	209686177
ENSG00000009790.14	209756031
ENSG00000162757.4	209784559
ENSG00000117595.10	209806175
ENSG00000117597.17	209828006
ENSG00000143469.16	209938173
ENSG00000082497.11	210232798
ENSG00000054392.12	210328251
ENSG00000143473.11	211134115
ENSG00000117625.13	211258376
ENSG00000082512.14	211326614
ENSG00000198570.5	211492917
ENSG00000170385.9	211578742
ENSG00000117650.12	211675630
ENSG00000123684.12	211830772
ENSG00000143493.12	212035542
ENSG00000143476.17	212035552
ENSG00000066027.11	212285536
ENSG00000065600.12	212414901
ENSG00000117691.9	212432886
ENSG00000162772.16	212565333
ENSG00000162771.7	212624473
ENSG00000123685.8	212699985
ENSG00000117697.14	212791782
ENSG00000203705.10	212791827
ENSG00000185523.6	212847649
ENSG00000162769.12	212858254
ENSG00000143494.15	212950519
ENSG00000174606.12	213015826
ENSG00000136643.11	213051232
ENSG00000117707.15	213983180
ENSG00000143499.13	214281101
ENSG00000152104.11	214552449
ENSG00000117724.12	214603194
ENSG00000082482.13	215005774
ENSG00000136636.12	215567391
ENSG00000042781.12	216423396
ENSG00000196482.16	217137755
ENSG00000092978.10	217631082
ENSG00000162814.10	217631323
ENSG00000067533.5	218285286
ENSG00000092969.11	218346234
ENSG00000143353.11	219173843
ENSG00000196660.10	219958647
ENSG00000136628.17	220046658
ENSG00000162813.17	220090462
ENSG00000067704.9	220094101
ENSG00000118873.15	220272454
ENSG00000116141.15	220528182
ENSG00000162817.6	220689844
ENSG00000117791.15	220748224
ENSG00000186205.12	220786758
ENSG00000136630.12	220879399
ENSG00000143507.17	221742176
ENSG00000143512.12	222548103
ENSG00000143498.17	222589933
ENSG00000154305.16	222618085
ENSG00000186063.12	222713210
ENSG00000162819.11	222712552
ENSG00000197520.10	222737206
ENSG00000154309.8	222872270
ENSG00000187554.11	223143282
ENSG00000143502.14	223364202
ENSG00000178395.6	223393416
ENSG00000203697.11	223665734
ENSG00000162909.17	223701592
ENSG00000143514.16	223845972
ENSG00000143756.11	224114086
ENSG00000143753.12	224175755
ENSG00000143748.17	224330387
ENSG00000143771.11	224356849
ENSG00000162923.14	224437033
ENSG00000143786.7	224434659
ENSG00000185842.14	224896261
ENSG00000143815.14	225428925
ENSG00000154380.17	225653142
ENSG00000143742.12	225777812
ENSG00000143819.12	225810091
ENSG00000196187.11	225882369
ENSG00000243709.1	225911382
ENSG00000255835.1	225924278
ENSG00000143811.16	225924340
ENSG00000143768.11	225941489
ENSG00000143751.9	225999331
ENSG00000163041.9	226061850
ENSG00000182827.8	226186730
ENSG00000185155.11	226223617
ENSG00000183814.15	226309869
ENSG00000143799.12	226408079
ENSG00000203685.9	226548799
ENSG00000143772.9	226739323
ENSG00000143801.16	226870183
ENSG00000163050.16	226897535
ENSG00000143776.18	227318474
ENSG00000181450.17	227563542
ENSG00000143740.14	227728538
ENSG00000081692.12	227735411
ENSG00000185888.5	227815692
ENSG00000143816.7	227947898
ENSG00000154342.5	228007050
ENSG00000143761.13	228082659
ENSG00000143793.12	228105411
ENSG00000162910.18	228109312
ENSG00000143774.16	228139961
ENSG00000198835.3	228149851
ENSG00000181873.12	228165814
ENSG00000162913.9	228213664
ENSG00000154358.19	228208129
ENSG00000154370.13	228406840
ENSG00000162931.11	228416861
ENSG00000168148.3	228425325
ENSG00000181218.5	228457873
ENSG00000196890.4	228458106
ENSG00000168159.10	228487060
ENSG00000116574.5	228735076
ENSG00000177800.2	229249635
ENSG00000168118.11	229271061
ENSG00000213029.3	229304856
ENSG00000154429.10	229343294
ENSG00000143632.14	229434098
ENSG00000069248.11	229508341
ENSG00000135776.4	229558695
ENSG00000135801.9	229626047
ENSG00000135763.9	229626233
ENSG00000143641.9	230057989
ENSG00000177614.9	230425729
ENSG00000135775.13	230642488
ENSG00000135744.7	230714297
ENSG00000135773.12	230747383
ENSG00000119280.16	230869589
ENSG00000143643.12	230978875
ENSG00000173409.13	230978980
ENSG00000182118.5	231040246
ENSG00000119283.15	231162111
ENSG00000143633.12	231241187
ENSG00000116906.11	231241206
ENSG00000116903.7	231337852
ENSG00000010072.15	231337103
ENSG00000135766.8	231425044
ENSG00000116918.13	231528652
ENSG00000270106.5	231528652
ENSG00000162946.20	231626814
ENSG00000116991.10	232561558
ENSG00000212916.4	232804891
ENSG00000135778.11	232950604
ENSG00000135749.18	233295713
ENSG00000143674.10	233327767
ENSG00000135750.14	233614003
ENSG00000183780.12	233904932
ENSG00000168275.14	234373455
ENSG00000059588.9	234479103
ENSG00000168264.10	234609525
ENSG00000279261.1	234760056
ENSG00000173726.10	235128936
ENSG00000188739.14	235161457
ENSG00000054267.20	235328219
ENSG00000152904.11	235327349
ENSG00000116957.12	235367359
ENSG00000162885.12	235504481
ENSG00000168243.10	235650754
ENSG00000143669.13	235883640
ENSG00000116962.14	236065162
ENSG00000077585.13	236142504
ENSG00000086619.13	236281985
ENSG00000186197.12	236348261
ENSG00000116977.18	236517999
ENSG00000119285.10	236604504
ENSG00000077522.12	236686453
ENSG00000116984.12	236795280
ENSG00000244020.2	237004418
ENSG00000198626.15	237042204
ENSG00000116996.9	237890922
ENSG00000270188.1	237945275
ENSG00000133019.11	239386564
ENSG00000155816.19	240014347
ENSG00000180875.4	240612149
ENSG00000182901.15	241357230
ENSG00000091483.6	241519761
ENSG00000117009.11	241532133
ENSG00000054277.12	241677376
ENSG00000203668.1	241635930
ENSG00000162843.17	241652277
ENSG00000174371.16	241847966
ENSG00000196289.7	241957766
ENSG00000197769.5	241999073
ENSG00000180287.16	242524696
ENSG00000143702.15	243255348
ENSG00000054282.15	243256033
ENSG00000117020.16	243851079
ENSG00000179456.10	244048938
ENSG00000173728.10	244352634
ENSG00000035687.9	244452134
ENSG00000179397.17	244454376
ENSG00000121644.18	244652934
ENSG00000203667.9	244835321
ENSG00000277877.4	244855497
ENSG00000153187.16	244864542
ENSG00000203666.12	244969704
ENSG00000162849.15	245154984
ENSG00000185420.18	246507312
ENSG00000162851.7	246566324
ENSG00000162852.13	246566443
ENSG00000143653.9	246724046
ENSG00000153207.14	246931978
ENSG00000197472.14	247008093
ENSG00000135747.11	247078811
ENSG00000277462.1	247078755
ENSG00000188295.14	247104372
ENSG00000196418.12	247172016
ENSG00000162714.12	247331846
ENSG00000162711.16	247416155
ENSG00000177535.7	247451982
ENSG00000169224.12	247507057
ENSG00000196242.7	247533839
ENSG00000177489.1	247588359
ENSG00000177476.3	247605585
ENSG00000197437.3	247673041
ENSG00000169214.3	247712755
ENSG00000241128.1	247724043
ENSG00000153230.4	247738614
ENSG00000221888.3	247758406
ENSG00000196772.3	247815729
ENSG00000197591.3	247841896
ENSG00000162722.8	247857198
ENSG00000238243.3	247895586
ENSG00000177462.6	247921017
ENSG00000177275.3	247933768
ENSG00000196071.3	247937190
ENSG00000196936.3	247948857
ENSG00000187080.7	247965232
ENSG00000197454.1	248021947
ENSG00000203663.3	248038267
ENSG00000198128.3	248060681
ENSG00000162727.3	248145147
ENSG00000198601.2	248179985
ENSG00000228198.2	248203067
ENSG00000171180.1	248238928
ENSG00000177212.3	248273814
ENSG00000177201.1	248295578
ENSG00000177186.3	248324568
ENSG00000177174.1	248348774
ENSG00000196944.3	248361580
ENSG00000198104.2	248387608
ENSG00000175143.3	248405994
ENSG00000196240.3	248452797
ENSG00000196539.3	248473350
ENSG00000203661.3	248488588
ENSG00000188558.5	248521646
ENSG00000182783.4	248559491
ENSG00000183310.3	248574757
ENSG00000184022.3	248593768
ENSG00000183130.3	248627128
ENSG00000177151.3	248639258
ENSG00000187701.3	248650884
ENSG00000189181.4	248682304
ENSG00000259823.5	248755739
ENSG00000175137.10	248826633
ENSG00000171161.12	248838209
ENSG00000171163.15	248859144
ENSG00000185220.11	248906195
