Peak_100184	109823925
Peak_100185	117815123
Peak_100309	110083941
Peak_100427	31588649
Peak_100428	203402615
Peak_100435	235074518
Peak_100454	85244831
Peak_100741	1782115
Peak_100857	210262122
Peak_100927	99808356
Peak_101208	30809474
Peak_10147	222757505
Peak_101756	184663455
Peak_10177	25874967
Peak_101785	168690035
Peak_101843	1630991
Peak_101845	223430199
Peak_101931	87686542
Peak_10207	1908433
Peak_102088	115771656
Peak_102182	21944344
Peak_102209	8204507
Peak_102256	153568396
Peak_102258	109807483
Peak_102260	8063673
Peak_10231	178931892
Peak_102399	36387058
Peak_102519	203512848
Peak_102778	162626201
Peak_103114	234973948
Peak_10324	153790119
Peak_10350	153506755
Peak_10353	26500059
Peak_103552	117686080
Peak_103919	154352713
Peak_104113	234543982
Peak_104502	19563484
Peak_10482	150568116
Peak_10571	9376473
Peak_10845	212469989
Peak_10899	28884988
Peak_10902	22024912
Peak_10913	235047704
Peak_109135	37487194
Peak_109321	175200701
Peak_109355	84698208
Peak_109459	192817020
Peak_109501	163538757
Peak_10952	222465214
Peak_109542	87968499
Peak_109580	203534010
Peak_109617	112317200
Peak_10970	8890002
Peak_109750	153697208
Peak_10982	236067889
Peak_109988	33443428
Peak_110099	65002238
Peak_110103	193408776
Peak_110361	55718757
Peak_11051	207866574
Peak_110742	184330324
Peak_110940	9384446
Peak_111008	109883350
Peak_111109	94783307
Peak_11154	52702940
Peak_111856	91584832
Peak_111971	27402402
Peak_111985	63674465
Peak_11210	229115921
Peak_112275	54474712
Peak_11274	227886982
Peak_113027	234856763
Peak_11350	164949703
Peak_113674	67838294
Peak_11374	201460992
Peak_114140	155126180
Peak_1142	31714513
Peak_114300	40782374
Peak_11439	235971528
Peak_114497	228900021
Peak_114571	168371617
Peak_114611	111990593
Peak_114907	117821178
Peak_11494	26692884
Peak_11495	226082920
Peak_114951	116151725
Peak_11497	164295814
Peak_115129	43295432
Peak_115258	200302178
Peak_11534	148388222
Peak_115376	156659983
Peak_115451	83641851
Peak_11555	192485734
Peak_115632	235069654
Peak_115765	204814242
Peak_115951	221227900
Peak_11612	2213949
Peak_116343	178057962
Peak_116365	227541751
Peak_11662	235083060
Peak_116678	109864194
Peak_11690	184283937
Peak_116947	234743847
Peak_116986	247371110
Peak_11704	203408406
Peak_11811	83151207
Peak_11975	8169466
Peak_12204	225661962
Peak_123399	210293005
Peak_12357	211613366
Peak_123625	191371450
Peak_123882	109884167
Peak_123963	161389633
Peak_124004	30637079
Peak_124255	201552853
Peak_12429	44730546
Peak_12467	112390828
Peak_124820	204129667
Peak_124920	39952527
Peak_125065	96520072
Peak_12580	3747073
Peak_12650	226827333
Peak_12667	153533150
Peak_127159	53145885
Peak_12719	178938632
Peak_127308	168893260
Peak_12743	20183746
Peak_127499	16244252
Peak_12777	248863218
Peak_12779	168498181
Peak_128042	85599157
Peak_128548	33126988
Peak_12902	201461691
Peak_129047	204417142
Peak_12907	13540804
Peak_12942	11731656
Peak_129491	224205467
Peak_129768	23376920
Peak_130705	201481720
Peak_130958	244273867
Peak_131517	192476725
Peak_131540	16498498
Peak_131545	223051933
Peak_131547	46466404
Peak_131828	232142361
Peak_131892	114081419
Peak_13195	155192990
Peak_13249	59043787
Peak_132916	171674752
Peak_133078	221448367
Peak_13401	24294367
Peak_13429	63698260
Peak_13496	234498895
Peak_13523	30704311
Peak_13534	55443283
Peak_13636	226827929
Peak_13645	207959111
Peak_13681	155194333
Peak_13685	8986159
Peak_13784	223429268
Peak_13932	90851283
Peak_14146	29124259
Peak_14173	44807240
Peak_14198	201895747
Peak_14252	23531267
Peak_142948	161973801
Peak_143000	69567153
Peak_14329	236066891
Peak_143391	234809381
Peak_14348	225746666
Peak_14362	201530805
Peak_143744	9441579
Peak_14409	58922276
Peak_14447	146007185
Peak_144605	115158188
Peak_14498	25239614
Peak_14509	207823747
Peak_145208	37034405
Peak_1460	156456463
Peak_146163	32239960
Peak_146821	56376368
Peak_147443	117051479
Peak_14746	117695823
Peak_147664	20477814
Peak_14811	106879422
Peak_148143	150979389
Peak_14816	247111248
Peak_148341	36187806
Peak_148461	55277116
Peak_14879	222043499
Peak_149955	228902884
Peak_150271	9825439
Peak_150429	158998564
Peak_15097	207805844
Peak_1512	28247123
Peak_151572	192913782
Peak_151904	232306261
Peak_151966	9413583
Peak_15211	234523533
Peak_152167	156615095
Peak_152540	182616164
Peak_152755	210312023
Peak_15290	33470524
Peak_152929	9149889
Peak_1530	150515109
Peak_153154	1505348
Peak_153214	244964251
Peak_153280	229059652
Peak_153614	162062482
Peak_153638	168880041
Peak_15374	192907602
Peak_153854	215539617
Peak_154010	24735891
Peak_154049	31564046
Peak_15410	112997767
Peak_154145	63731562
Peak_154328	96683827
Peak_15615	167796954
Peak_1565	150560978
Peak_15656	235104054
Peak_15864	110209936
Peak_16044	12539832
Peak_16070	17502373
Peak_16142	12518778
Peak_16143	37471737
Peak_16240	232767303
Peak_16291	182143888
Peak_16324	203440817
Peak_16366	27031481
Peak_165390	109240090
Peak_165431	56073991
Peak_16594	153572529
Peak_166476	96416060
Peak_16684	36183308
Peak_166981	153490270
Peak_16714	116418239
Peak_16766	221612463
Peak_167738	116168219
Peak_169561	86503388
Peak_16965	227787517
Peak_171026	158149653
Peak_17103	26799361
Peak_17116	201456662
Peak_17121	20110668
Peak_17178	192489767
Peak_17216	84785021
Peak_17231	201538748
Peak_172721	106752584
Peak_172853	218164140
Peak_173263	59052187
Peak_17337	229070159
Peak_17345	234535784
Peak_173465	184366968
Peak_17350	207868720
Peak_173517	240691684
Peak_17384	24018637
Peak_17393	27525521
Peak_174291	106721674
Peak_17437	41432440
Peak_174844	96482222
Peak_17486	181142337
Peak_175139	9181939
Peak_17514	31954688
Peak_175274	87781406
Peak_175451	15800243
Peak_17547	25616032
Peak_17596	9835837
Peak_176128	31704523
Peak_17659	58815228
Peak_17699	165383137
Peak_17780	220843429
Peak_178050	22108261
Peak_178299	202861505
Peak_17837	201448015
Peak_17871	165375998
Peak_179089	162613471
Peak_179633	36200302
Peak_17966	91622673
Peak_18019	16175626
Peak_18056	19010770
Peak_18089	182614776
Peak_18222	201593324
Peak_18255	222454732
Peak_18282	203556030
Peak_18339	159161056
Peak_18350	156502840
Peak_18372	225474805
Peak_18426	234816912
Peak_18511	168342360
Peak_18610	223081233
Peak_18634	94743814
Peak_18647	220887447
Peak_18691	151539593
Peak_18968	117828111
Peak_19107	234610645
Peak_1916	226821233
Peak_19164	226799886
Peak_19180	145999336
Peak_19205	234554818
Peak_19223	168428035
Peak_19317	234585660
Peak_19345	24289982
Peak_19379	156709798
Peak_19405	41474434
Peak_19467	173122912
Peak_194948	181134876
Peak_195283	204821466
Peak_195349	161972942
Peak_195659	54489200
Peak_195959	208245077
Peak_19608	110120945
Peak_19664	234724011
Peak_19686	115099333
Peak_19761	9384730
Peak_19775	160101038
Peak_197850	109821157
Peak_19807	226109553
Peak_198253	156667439
Peak_19847	226121378
Peak_198611	220894007
Peak_19921	178933009
Peak_199840	201512780
Peak_199851	209349689
Peak_199981	84719557
Peak_200593	53176576
Peak_20098	1122088
Peak_20101	234970403
Peak_20165	33455880
Peak_201880	218460001
Peak_201922	115363728
Peak_201924	30763313
Peak_202332	229003447
Peak_20258	203558371
Peak_20267	223031532
Peak_20331	172933766
Peak_20347	177341727
Peak_204629	201450669
Peak_205378	205284669
Peak_205724	227431767
Peak_206131	172746167
Peak_20680	109532302
Peak_20710	162541379
Peak_207296	23567837
Peak_207297	244730483
Peak_207578	20178450
Peak_207835	18962188
Peak_20808	173429829
Peak_208088	68321157
Peak_20820	234543417
Peak_20831	27528050
Peak_20889	25233120
Peak_209017	151473236
Peak_209306	209266538
Peak_209308	209742508
Peak_21113	207828618
Peak_21151	95935500
Peak_21162	923679
Peak_21179	162548167
Peak_21325	115365749
Peak_21378	47751877
Peak_21425	232704460
Peak_21436	15243191
Peak_21456	6743205
Peak_21569	183598345
Peak_21583	20151955
Peak_21614	31154681
Peak_2170	36386455
Peak_21711	228798488
Peak_21767	156892141
Peak_21775	94801995
Peak_21868	40944908
Peak_21919	24705296
Peak_21929	223090121
Peak_21946	234915949
Peak_22007	27504428
Peak_22027	11918789
Peak_22173	904265
Peak_222156	203597538
Peak_22309	1434331
Peak_223436	1208073
Peak_22362	234987372
Peak_223776	221440327
Peak_22404	223084357
Peak_224936	183148598
Peak_225485	112318784
Peak_22562	228149399
Peak_2260	225447358
Peak_226282	203463465
Peak_22633	84604510
Peak_22671	221029976
Peak_22678	224223319
Peak_22746	23577373
Peak_22783	16644275
Peak_228213	114345944
Peak_22836	229563765
Peak_22838	234684226
Peak_22905	168320704
Peak_22908	234676085
Peak_230541	203544373
Peak_23082	117821748
Peak_23144	234980581
Peak_23208	14304333
Peak_23214	203465932
Peak_23239	168636659
Peak_232592	9181336
Peak_23273	22969314
Peak_23378	226778473
Peak_233866	212488612
Peak_23391	59013351
Peak_233916	1157380
Peak_23405	23919837
Peak_234088	68322898
Peak_23429	23562089
Peak_234871	205543327
Peak_23515	109877301
Peak_23526	55580807
Peak_235430	230806812
Peak_23546	225484075
Peak_23845	817296
Peak_23912	94648164
Peak_23977	150255777
Peak_24054	56146464
Peak_24058	207811938
Peak_24101	112716329
Peak_24177	31705213
Peak_24256	107530336
Peak_24379	40783389
Peak_24463	234862928
Peak_24493	117682312
Peak_24528	155166805
Peak_24580	204128931
Peak_246561	229204921
Peak_246634	63322193
Peak_246867	96865596
Peak_24731	26677434
Peak_24789	169511377
Peak_24840	192878139
Peak_24968	42962709
Peak_25004	15603115
Peak_250432	2314905
Peak_25057	201480507
Peak_25061	21673257
Peak_25072	180953889
Peak_251156	203534368
Peak_25258	184629827
Peak_252945	27503929
Peak_25319	58773401
Peak_254148	47997306
Peak_25499	63691993
Peak_25557	246769286
Peak_25612	2545942
Peak_25620	234723673
Peak_25645	66449912
Peak_25649	210311196
Peak_25670	234886387
Peak_25700	22031426
Peak_25744	41387763
Peak_25773	225745160
Peak_25778	183609271
Peak_26171	30700969
Peak_26180	109872080
Peak_26221	200415978
Peak_26269	30818583
Peak_26277	8133665
Peak_263563	201947159
Peak_263782	145985315
Peak_26413	163440048
Peak_26430	203327120
Peak_26441	153986762
Peak_26458	58968482
Peak_265124	203379943
Peak_26522	212700367
Peak_26625	181104585
Peak_26659	32240228
Peak_26711	193115661
Peak_26779	244214147
Peak_27113	12619868
Peak_27231	58755259
Peak_27309	48494083
Peak_27342	55522374
Peak_27461	151972749
Peak_27481	10866890
Peak_27628	170929663
Peak_27737	9412740
Peak_27796	210251112
Peak_27800	229887465
Peak_27811	156706674
Peak_27858	9371380
Peak_27907	207825718
Peak_27927	61638253
Peak_28207	37454762
Peak_28314	96538178
Peak_28334	194069408
Peak_28406	152448156
Peak_28411	172826063
Peak_28463	109099794
Peak_28484	161382179
Peak_28508	1430253
Peak_28545	203368906
Peak_28576	163436229
Peak_28623	55781917
Peak_28698	30695438
Peak_28761	234716321
Peak_28791	221845831
Peak_28806	221032816
Peak_28873	226814726
Peak_28953	56446482
Peak_28978	2311523
Peak_28996	226784118
Peak_29032	225444896
Peak_29064	16013269
Peak_29192	225772321
Peak_29230	203274986
Peak_29231	225766919
Peak_29245	28882125
Peak_29373	206634346
Peak_29443	155648380
Peak_29729	44047737
Peak_29874	235067474
Peak_29924	210292339
Peak_29936	87449276
Peak_29937	59057203
Peak_29951	229229720
Peak_29957	156608124
Peak_30058	40877684
Peak_30136	46037049
Peak_30187	16725249
Peak_30382	85297719
Peak_30405	234533086
Peak_30959	112998739
Peak_30990	218665272
Peak_31169	234533956
Peak_31218	58584375
Peak_31411	176846867
Peak_31540	44059708
Peak_31600	234887052
Peak_31736	184075082
Peak_32117	4970222
Peak_32200	55512557
Peak_32332	192593211
Peak_32362	234969859
Peak_32457	114353292
Peak_32485	203557483
Peak_32504	112394191
Peak_32508	92962314
Peak_32686	234919207
Peak_32704	165063205
Peak_32774	146036920
Peak_32791	156508432
Peak_32795	54499121
Peak_32839	192951970
Peak_33026	150061613
Peak_33194	91650765
Peak_33210	226626283
Peak_33281	201602924
Peak_33319	234716817
Peak_33350	237012684
Peak_33444	112358842
Peak_33630	119873618
Peak_33633	150281363
Peak_33892	109954218
Peak_33893	145425092
Peak_33977	221335250
Peak_33993	218479838
Peak_34063	55813660
Peak_34159	66402204
Peak_34172	226547768
Peak_34293	210258075
Peak_34332	2548702
Peak_34444	94803526
Peak_34512	33300749
Peak_34625	40845208
Peak_3477	16217030
Peak_34978	40944358
Peak_35013	212636582
Peak_35021	32063360
Peak_35177	24045790
Peak_35189	232287731
Peak_35300	2585308
Peak_35398	228989960
Peak_35486	201512100
Peak_35700	150567733
Peak_35714	234531696
Peak_35785	168688663
Peak_35803	28775131
Peak_35807	8189923
Peak_35890	244273083
Peak_3593	155745332
Peak_35972	186626875
Peak_3604	9428570
Peak_36093	94955823
Peak_36117	54772097
Peak_36226	111991438
Peak_36338	8061262
Peak_36361	29133659
Peak_36363	225453971
Peak_36396	192890037
Peak_36422	31587811
Peak_36763	173451981
Peak_36766	32972775
Peak_37116	203406603
Peak_37276	201535083
Peak_37409	212638735
Peak_37551	1362059
Peak_37596	220991954
Peak_37637	110555365
Peak_37668	156140692
Peak_37705	33460991
Peak_37812	205783609
Peak_37813	222829983
Peak_37961	203744120
Peak_38589	156616327
Peak_38709	62690243
Peak_38713	30847524
Peak_38753	41319897
Peak_38756	61491470
Peak_38856	115828152
Peak_39199	201584458
Peak_39275	193418503
Peak_39308	30852074
Peak_39332	53982103
Peak_39334	236997901
Peak_39431	234772466
Peak_39464	87902704
Peak_39572	112360010
Peak_39677	54777462
Peak_39768	234612670
Peak_39770	30801793
Peak_39829	234925824
Peak_39835	151945792
Peak_39862	8083116
Peak_39941	225655511
Peak_40011	15799492
Peak_40062	184296604
Peak_40132	39076448
Peak_4021	150213496
Peak_40337	21942984
Peak_40388	30816168
Peak_40397	157992017
Peak_40437	179017124
Peak_40570	93847784
Peak_40788	10636008
Peak_40869	225461516
Peak_41070	155094019
Peak_41187	27663183
Peak_4129	30823926
Peak_41340	235917442
Peak_41637	30670284
Peak_41685	117780719
Peak_41949	115090582
Peak_42200	91569861
Peak_42205	182143251
Peak_42291	112957489
Peak_42307	8217010
Peak_42465	178952950
Peak_42520	203374033
Peak_42632	30911370
Peak_42641	115251263
Peak_42901	112982905
Peak_42917	168485127
Peak_42986	203405693
Peak_43032	55575610
Peak_43072	234499771
Peak_43080	32989262
Peak_43134	8174398
Peak_43176	86757519
Peak_43456	12548777
Peak_43458	44036599
Peak_43494	12619045
Peak_43505	201565362
Peak_43583	110556195
Peak_43611	181112422
Peak_43620	204819064
Peak_43657	12161732
Peak_43724	211633016
Peak_43758	232675371
Peak_43799	164982897
Peak_43814	171655277
Peak_43895	30705132
Peak_44023	19532516
Peak_44026	42172598
Peak_44043	56056545
Peak_44096	168149029
Peak_44394	27659670
Peak_44414	168488124
Peak_44432	221203474
Peak_44444	221230575
Peak_4474	182029316
Peak_44957	173429522
Peak_44985	230878578
Peak_45040	59020235
Peak_45173	234723347
Peak_45268	31573934
Peak_45524	156504987
Peak_45588	229699723
Peak_45852	182206897
Peak_45979	168469615
Peak_46193	41500525
Peak_46232	31955981
Peak_46283	207867361
Peak_46450	63316942
Peak_4650	234599523
Peak_46503	15799114
Peak_46507	147539125
Peak_46512	8197796
Peak_46543	232620304
Peak_46777	155227006
Peak_47074	8133230
Peak_47146	116878065
Peak_47153	109931153
Peak_47165	159989607
Peak_47173	42973335
Peak_47179	9467084
Peak_47499	225735628
Peak_47527	235972394
Peak_47578	181094949
Peak_47819	106753072
Peak_47826	2548098
Peak_47854	204703190
Peak_48210	96520586
Peak_48378	203452023
Peak_48429	227794479
Peak_48597	27521537
Peak_4860	234997188
Peak_48602	182348958
Peak_4863	203278287
Peak_48779	41314075
Peak_48811	214338287
Peak_48932	168767896
Peak_48934	203871153
Peak_48940	229579125
Peak_48945	247361094
Peak_48948	33229185
Peak_48952	55943795
Peak_49239	150538081
Peak_49693	232693122
Peak_49990	25022831
Peak_49991	30637591
Peak_50130	91604653
Peak_50168	168609206
Peak_50211	30706637
Peak_50296	67590388
Peak_50431	182351822
Peak_50522	207816715
Peak_50758	221458117
Peak_50823	203290416
Peak_50846	163104576
Peak_51118	243917297
Peak_51188	234978985
Peak_51593	203591879
Peak_51752	8077095
Peak_51859	154353026
Peak_52105	234998202
Peak_52136	52710339
Peak_52231	168392138
Peak_52245	155227365
Peak_52532	228802461
Peak_52713	28648034
Peak_52815	168774197
Peak_53162	32241032
Peak_53350	16012786
Peak_53413	205301406
Peak_53692	153533807
Peak_53716	2546877
Peak_54396	181096261
Peak_54508	184632805
Peak_55437	85629047
Peak_55585	207962824
Peak_55630	234700217
Peak_55731	21956784
Peak_5586	17531602
Peak_55916	201562713
Peak_55995	119327122
Peak_56129	229109507
Peak_56215	24020139
Peak_56570	215544655
Peak_56633	23554476
Peak_56657	210295069
Peak_56933	218499032
Peak_57087	204041904
Peak_57127	55519964
Peak_57207	85220706
Peak_57216	201535778
Peak_57301	109838857
Peak_57320	228964218
Peak_5768	8848669
Peak_57886	173431271
Peak_57927	96968556
Peak_57976	207925189
Peak_58232	229115004
Peak_58262	56453055
Peak_58335	223074505
Peak_58713	234486713
Peak_58741	33433811
Peak_58833	1504688
Peak_58848	156664887
Peak_58967	229108999
Peak_59054	26786928
Peak_59210	207868250
Peak_59235	1433282
Peak_59277	115190181
Peak_59569	168613738
Peak_59574	203448619
Peak_59693	114370012
Peak_59704	164369775
Peak_59729	55669320
Peak_5979	8121085
Peak_60180	207838496
Peak_60420	203601130
Peak_60444	25022484
Peak_60684	192920488
Peak_60971	227895799
Peak_61054	40967530
Peak_61090	94793266
Peak_6129	181152893
Peak_61335	148334628
Peak_61552	8889466
Peak_61894	68327525
Peak_61988	210232162
Peak_62058	8239647
Peak_62177	178946038
Peak_62370	168513855
Peak_62438	229062123
Peak_62478	115233513
Peak_62490	10387870
Peak_62535	69105071
Peak_63709	19529595
Peak_63805	230825085
Peak_63915	11880842
Peak_64129	168391814
Peak_64392	12556273
Peak_644	145979290
Peak_64720	183180319
Peak_65058	9375941
Peak_6516	41455697
Peak_65305	85240382
Peak_65402	228838256
Peak_65443	19504960
Peak_65467	35121002
Peak_65475	54973238
Peak_65478	58764406
Peak_65483	8047234
Peak_6549	54487979
Peak_66359	56452196
Peak_66452	16181541
Peak_66470	33143226
Peak_66524	234962589
Peak_66527	87968213
Peak_66650	55536613
Peak_66829	83641371
Peak_66888	203514013
Peak_67416	30697802
Peak_67488	164929045
Peak_67641	225460103
Peak_67643	13543983
Peak_67905	116853810
Peak_67944	228903793
Peak_67985	163406799
Peak_68348	8239031
Peak_68597	214337629
Peak_68690	164928255
Peak_68783	235910719
Peak_68801	71090030
Peak_68807	94658212
Peak_69674	87644515
Peak_70025	168481704
Peak_7006	41496028
Peak_70253	210223139
Peak_70631	193111673
Peak_70667	41495706
Peak_70791	54776157
Peak_71099	160102288
Peak_71147	174022815
Peak_71488	183180856
Peak_71541	14517119
Peak_72145	9388862
Peak_7240	59151032
Peak_72415	232683685
Peak_7317	156510640
Peak_73451	91582538
Peak_73615	225763771
Peak_73616	91575011
Peak_73736	156677931
Peak_73767	203609363
Peak_75446	41496842
Peak_75451	2314373
Peak_75469	202810516
Peak_76403	23568818
Peak_76534	163381609
Peak_76549	192539843
Peak_76593	35222705
Peak_76608	58874862
Peak_78321	30856215
Peak_78748	228795672
Peak_79411	10635481
Peak_81025	207831547
Peak_81082	8117002
Peak_81417	234867518
Peak_81570	236952387
Peak_81592	37676459
Peak_81612	58848916
Peak_81630	82565176
Peak_83344	175150732
Peak_84086	164320914
Peak_8446	212234589
Peak_84566	117826851
Peak_84677	30693950
Peak_8471	203464981
Peak_85365	226353126
Peak_85703	14486959
Peak_85760	109792174
Peak_85831	165073480
Peak_86172	58896703
Peak_86533	234961850
Peak_87077	192592677
Peak_87559	163673836
Peak_87583	193341846
Peak_8969	94713725
Peak_89989	200621215
Peak_90534	8078170
Peak_90912	12541553
Peak_90932	162631037
Peak_91262	226989210
Peak_91940	205294406
Peak_92189	203447621
Peak_92956	15683114
Peak_93091	145985823
Peak_93108	35264901
Peak_93196	96934566
Peak_94022	96487271
Peak_94051	155062800
Peak_94106	204041194
Peak_94448	201449003
Peak_94796	9438580
Peak_94856	218165379
Peak_95088	55670438
Peak_9588	182289923
Peak_9679	8202137
Peak_99183	40867585
