ENSG00000142657.20	10398591	10946
ENSG00000130940.14	10796650	160658
ENSG00000237330.2	1074307	6625
ENSG00000237330.2	1074307	6625
ENSG00000237330.2	1074307	5791
ENSG00000237330.2	1074307	5791
ENSG00000237330.2	1074307	5186
ENSG00000237330.2	1074307	5186
ENSG00000237330.2	1074307	5186
ENSG00000130940.14	10796650	18404
ENSG00000130940.14	10796650	18404
ENSG00000130940.14	10796650	18404
ENSG00000143126.7	109250018	10097
ENSG00000143126.7	109250018	10097
ENSG00000143126.7	109250018	10097
ENSG00000143126.7	109250018	10097
ENSG00000198758.10	109764027	12885
ENSG00000198758.10	109764027	19268
ENSG00000198758.10	109764027	28211
ENSG00000198758.10	109764027	29829
ENSG00000198758.10	109764027	32886
ENSG00000198758.10	109764027	32886
ENSG00000198758.10	109764027	59822
ENSG00000184371.13	109910241	33019
ENSG00000184371.13	109910241	14395
ENSG00000184371.13	109910241	20930
ENSG00000184371.13	109910241	24148
ENSG00000168710.17	109984685	24771
ENSG00000156150.6	110070700	13638
ENSG00000156150.6	110070700	13638
ENSG00000116396.13	110211342	1460
ENSG00000116396.13	110211342	1460
ENSG00000143125.5	110451199	13172
ENSG00000143125.5	110451199	25803
ENSG00000143125.5	110451199	25803
ENSG00000143125.5	110451199	27109
ENSG00000143105.6	110518838	11061
ENSG00000143105.6	110518838	11061
ENSG00000143105.6	110518838	11061
ENSG00000134255.13	111139626	29369
ENSG00000171385.9	111989155	1728
ENSG00000171385.9	111989155	1728
ENSG00000171385.9	111989155	1728
ENSG00000143079.14	112396180	2000
ENSG00000131591.17	1116361	8436
ENSG00000131591.17	1116361	8736
ENSG00000131591.17	1116361	8736
ENSG00000155380.11	112957013	41796
ENSG00000155380.11	112957013	41796
ENSG00000198799.11	113073208	143531
ENSG00000131591.17	1116361	20045
ENSG00000197323.10	114511160	165010
ENSG00000131591.17	1116361	27735
ENSG00000131591.17	1116361	27735
ENSG00000131591.17	1116361	27735
ENSG00000131591.17	1116361	27735
ENSG00000131591.17	1116361	27735
ENSG00000162571.13	1173883	23940
ENSG00000162571.13	1173883	23940
ENSG00000162571.13	1173883	15999
ENSG00000162571.13	1173883	15999
ENSG00000163399.15	116372667	130006
ENSG00000163399.15	116372667	130006
ENSG00000163399.15	116372667	129024
ENSG00000163399.15	116372667	129024
ENSG00000163399.15	116372667	60681
ENSG00000163399.15	116372667	45585
ENSG00000163399.15	116372667	45585
ENSG00000134247.9	116910056	56354
ENSG00000134247.9	116910056	30635
ENSG00000134258.16	117210960	20885
ENSG00000183508.4	117605933	43306
ENSG00000183508.4	117605933	43306
ENSG00000183508.4	117605933	35061
ENSG00000183508.4	117605933	35061
ENSG00000183508.4	117605933	15594
ENSG00000183508.4	117605933	14661
ENSG00000183508.4	117605933	26364
ENSG00000183508.4	117605933	26364
ENSG00000183508.4	117605933	68585
ENSG00000183508.4	117605933	69100
ENSG00000265808.3	120176515	3501
ENSG00000265808.3	120176515	3501
ENSG00000028137.16	12167002	18597
ENSG00000028137.16	12167002	5294
ENSG00000028137.16	12167002	5294
ENSG00000162496.8	12617731	90191
ENSG00000162496.8	12617731	90191
ENSG00000162496.8	12617731	89394
ENSG00000162496.8	12617731	77774
ENSG00000162496.8	12617731	77774
ENSG00000162496.8	12617731	77774
ENSG00000162496.8	12617731	68083
ENSG00000162496.8	12617731	68083
ENSG00000162496.8	12617731	1239
ENSG00000162496.8	12617731	2160
ENSG00000162493.16	13583464	36421
ENSG00000179403.11	1434860	1653
ENSG00000179403.11	1434860	1653
ENSG00000121851.12	145964701	14603
ENSG00000265972.5	145996600	10676
ENSG00000265972.5	145996600	566
ENSG00000168509.18	146021918	13574
ENSG00000131791.7	147172550	87875
ENSG00000131791.7	147172550	87875
ENSG00000116128.9	147541411	2294
ENSG00000263956.5	148152322	110869
ENSG00000263956.5	148152322	110869
ENSG00000263956.5	148152322	110869
ENSG00000118298.10	150257158	1731
ENSG00000143369.14	150508061	7108
ENSG00000143382.13	150549368	20326
ENSG00000143382.13	150549368	17125
ENSG00000143382.13	150549368	17125
ENSG00000143382.13	150549368	11617
ENSG00000143382.13	150549368	11617
ENSG00000143382.13	150549368	12599
ENSG00000143384.12	150579738	11575
ENSG00000143418.19	150975004	2344
ENSG00000143412.9	150982016	787
ENSG00000143434.15	151146664	15383
ENSG00000171729.13	15152531	12781
ENSG00000171729.13	15152531	10668
ENSG00000143365.16	151831872	728
ENSG00000225556.1	151840557	4043
ENSG00000225556.1	151840557	3677
ENSG00000159445.12	151909808	34596
ENSG00000159445.12	151909808	35984
ENSG00000197747.8	151994390	21391
ENSG00000197956.9	153536244	29571
ENSG00000197956.9	153536244	29571
ENSG00000197956.9	153536244	20662
ENSG00000197956.9	153536244	20662
ENSG00000197956.9	153536244	3052
ENSG00000196754.10	153567890	599
ENSG00000189334.8	153616986	641
ENSG00000160679.12	153633981	568
ENSG00000143553.10	153658653	9466
ENSG00000169418.9	153678636	879
ENSG00000169418.9	153678636	18624
ENSG00000169418.9	153678636	19309
ENSG00000169418.9	153678636	19309
ENSG00000169418.9	153678636	19309
ENSG00000143554.13	153774353	8985
ENSG00000143554.13	153774353	8985
ENSG00000205090.8	1540453	433
ENSG00000143515.16	154325552	26780
ENSG00000143515.16	154325552	26780
ENSG00000143515.16	154325552	26780
ENSG00000143515.16	154325552	26780
ENSG00000143515.16	154325552	26780
ENSG00000169242.11	155127459	1582
ENSG00000163463.11	155173475	6936
ENSG00000163463.11	155173475	6936
ENSG00000163463.11	155173475	5604
ENSG00000185499.16	155192916	1500
ENSG00000185499.16	155192916	1500
ENSG00000177628.15	155244699	17736
ENSG00000177628.15	155244699	17332
ENSG00000173080.5	155941709	1179
ENSG00000173080.5	155941709	1179
ENSG00000197312.11	15617499	14379
ENSG00000197312.11	15617499	14379
ENSG00000125462.16	156430701	25770
ENSG00000125462.16	156430701	25770
ENSG00000125462.16	156430701	25770
ENSG00000125462.16	156430701	25770
ENSG00000116604.17	156500828	2564
ENSG00000116604.17	156500828	4122
ENSG00000132702.12	156619293	2820
ENSG00000132688.10	156677397	17406
ENSG00000132688.10	156677397	16054
ENSG00000143320.8	156705816	219
ENSG00000143320.8	156705816	219
ENSG00000187800.13	156893697	1350
ENSG00000117036.11	157138474	16424
ENSG00000117036.11	157138474	16424
ENSG00000117036.11	157138474	101978
ENSG00000117036.11	157138474	101978
ENSG00000162461.7	15736404	615
ENSG00000233954.6	15809348	10289
ENSG00000183853.17	157993272	1210
ENSG00000183853.17	157993272	1210
ENSG00000233954.6	15809348	9873
ENSG00000233954.6	15809348	9440
ENSG00000158473.6	158179946	30293
ENSG00000213085.9	159900163	10226
ENSG00000158710.14	159925732	9493
ENSG00000162729.13	160098943	2155
ENSG00000186510.11	16018874	6156
ENSG00000186510.11	16018874	6156
ENSG00000162739.13	160523262	15625
ENSG00000162739.13	160523262	15625
ENSG00000162739.13	160523262	16962
ENSG00000188931.3	161367874	14688
ENSG00000188931.3	161367874	14688
ENSG00000142627.12	16156087	17093
ENSG00000142627.12	16156087	17093
ENSG00000142627.12	16156087	19866
ENSG00000142627.12	16156087	25528
ENSG00000142627.12	16156087	25528
ENSG00000142632.16	16212609	3625
ENSG00000142632.16	16212609	4313
ENSG00000142632.16	16212609	4313
ENSG00000162733.16	162631372	17612
ENSG00000185860.13	162868815	5202
ENSG00000162761.14	165356715	19320
ENSG00000162761.14	165356715	19320
ENSG00000162761.14	165356715	19320
ENSG00000143198.12	165630860	32902
ENSG00000143198.12	165630860	32902
ENSG00000237847.2	16673002	28698
ENSG00000237847.2	16673002	28698
ENSG00000237847.2	16673002	28698
ENSG00000198771.10	167630092	2490
ENSG00000198771.10	167630092	2490
ENSG00000198771.10	167630092	2490
ENSG00000143199.17	167914215	1394
ENSG00000143184.4	168576472	55214
ENSG00000143196.4	168729264	39472
ENSG00000143196.4	168729264	39472
ENSG00000143196.4	168729264	36086
ENSG00000143196.4	168729264	36086
ENSG00000143196.4	168729264	105075
ENSG00000143196.4	168729264	177825
ENSG00000143153.12	169105696	185267
ENSG00000143153.12	169105696	132875
ENSG00000143153.12	169105696	2249
ENSG00000094963.13	171185207	43740
ENSG00000094963.13	171185207	43740
ENSG00000094963.13	171185207	43058
ENSG00000094963.13	171185207	43058
ENSG00000117560.7	172659017	87148
ENSG00000117560.7	172659017	87148
ENSG00000117560.7	172659017	167084
ENSG00000117560.7	172659017	167084
ENSG00000120337.8	173050963	117082
ENSG00000120337.8	173050963	117082
ENSG00000117592.8	173477265	47748
ENSG00000117592.8	173477265	47321
ENSG00000117592.8	173477265	25267
ENSG00000117601.13	173917378	8302
ENSG00000074964.16	17539834	22914
ENSG00000235750.9	175192999	7948
ENSG00000074964.16	17539834	8069
ENSG00000120341.18	177984303	166237
ENSG00000120341.18	177984303	166237
ENSG00000120341.18	177984303	112231
ENSG00000120341.18	177984303	112231
ENSG00000120341.18	177984303	112231
ENSG00000120341.18	177984303	53217
ENSG00000120341.18	177984303	53217
ENSG00000008130.15	1780457	2054
ENSG00000008130.15	1780457	2546
ENSG00000116199.11	179025803	8816
ENSG00000162782.15	179591612	5420
ENSG00000162782.15	179591612	5420
ENSG00000162783.10	181088711	23721
ENSG00000162783.10	181088711	47750
ENSG00000162783.10	181088711	47750
ENSG00000162783.10	181088711	53800
ENSG00000162783.10	181088711	63207
ENSG00000162783.10	181088711	64192
ENSG00000179930.5	182061712	32515
ENSG00000179930.5	182061712	32515
ENSG00000179930.5	182061712	52106
ENSG00000179930.5	182061712	58889
ENSG00000179930.5	182061712	60045
ENSG00000179930.5	182061712	81567
ENSG00000179930.5	182061712	82303
ENSG00000179930.5	182061712	82303
ENSG00000179930.5	182061712	82303
ENSG00000179930.5	182061712	84677
ENSG00000179930.5	182061712	135921
ENSG00000179930.5	182061712	145257
ENSG00000135821.16	182392206	132976
ENSG00000135821.16	182392206	132976
ENSG00000135821.16	182392206	102236
ENSG00000135821.16	182392206	102236
ENSG00000135821.16	182392206	76934
ENSG00000135821.16	182392206	43310
ENSG00000143333.6	182604408	10370
ENSG00000143333.6	182604408	10370
ENSG00000143333.6	182604408	11744
ENSG00000058085.14	183186237	5608
ENSG00000058085.14	183186237	5608
ENSG00000116406.18	184754913	122126
ENSG00000143341.11	185734550	199744
ENSG00000143341.11	185734550	140379
ENSG00000143341.11	185734550	140379
ENSG00000143341.11	185734550	140379
ENSG00000169991.10	18956686	53707
ENSG00000169991.10	18956686	53707
ENSG00000169991.10	18956686	54238
ENSG00000169991.10	18956686	54238
ENSG00000169991.10	18956686	110275
ENSG00000169991.10	18956686	110275
ENSG00000169991.10	18956686	116669
ENSG00000169991.10	18956686	117186
ENSG00000169885.9	1914826	6496
ENSG00000169885.9	1914826	6496
ENSG00000090104.11	192575726	44624
ENSG00000090104.11	192575726	35929
ENSG00000127463.13	19251552	8584
ENSG00000127463.13	19251552	8584
ENSG00000162482.4	19289250	15991
ENSG00000162482.4	19289250	15991
ENSG00000162482.4	19289250	15991
ENSG00000162630.5	193186654	73031
ENSG00000162630.5	193186654	168485
ENSG00000162630.5	193186654	231853
ENSG00000077549.17	19485539	19357
ENSG00000116852.14	201023700	4630
ENSG00000116852.14	201023700	4630
ENSG00000116852.14	201023700	4630
ENSG00000174307.6	201469237	18558
ENSG00000174307.6	201469237	18558
ENSG00000174307.6	201469237	8245
ENSG00000174307.6	201469237	7497
ENSG00000174307.6	201469237	11178
ENSG00000174307.6	201469237	11178
ENSG00000174307.6	201469237	12500
ENSG00000174307.6	201469237	12500
ENSG00000174307.6	201469237	12500
ENSG00000159176.13	201509456	2488
ENSG00000159176.13	201509456	2488
ENSG00000159176.13	201509456	3506
ENSG00000159176.13	201509456	29157
ENSG00000159176.13	201509456	30640
ENSG00000134369.15	201622884	25277
ENSG00000163435.15	202007944	15100
ENSG00000163435.15	202007944	26556
ENSG00000163435.15	202007944	38242
ENSG00000163435.15	202007944	38855
ENSG00000163435.15	202007944	39220
ENSG00000170075.8	202122857	46828
ENSG00000170075.8	202122857	37675
ENSG00000170075.8	202122857	36958
ENSG00000170075.8	202122857	16565
ENSG00000170075.8	202122857	15873
ENSG00000170075.8	202122857	15873
ENSG00000170075.8	202122857	9969
ENSG00000170075.8	202122857	9969
ENSG00000133063.15	203273641	4772
ENSG00000133063.15	203273641	4772
ENSG00000133063.15	203273641	13516
ENSG00000133063.15	203273641	13516
ENSG00000159388.5	203305490	15192
ENSG00000159388.5	203305490	14258
ENSG00000159388.5	203305490	14258
ENSG00000159388.5	203305490	11029
ENSG00000159388.5	203305490	15525
ENSG00000159388.5	203305490	17316
ENSG00000159388.5	203305490	21562
ENSG00000159388.5	203305490	21562
ENSG00000159388.5	203305490	21562
ENSG00000122176.10	203351489	57031
ENSG00000122176.10	203351489	57031
ENSG00000188770.9	203494142	42587
ENSG00000188770.9	203494142	42587
ENSG00000188770.9	203494142	43796
ENSG00000188770.9	203494142	64194
ENSG00000182004.12	203861602	1214
ENSG00000143845.14	204152003	22870
ENSG00000143850.12	204377665	5552
ENSG00000158615.8	204411791	5348
ENSG00000158615.8	204411791	5348
ENSG00000158615.8	204411791	5348
ENSG00000162545.5	20486220	285
ENSG00000163545.8	205321791	37127
ENSG00000163545.8	205321791	27749
ENSG00000163545.8	205321791	27749
ENSG00000163545.8	205321791	20598
ENSG00000162873.14	205357090	8887
ENSG00000186007.9	205457091	20378
ENSG00000186007.9	205457091	20378
ENSG00000117266.15	205504594	11350
ENSG00000174514.12	205568884	25638
ENSG00000174514.12	205568884	25638
ENSG00000174514.12	205568884	25638
ENSG00000174514.12	205568884	25638
ENSG00000276600.4	206003461	1871
ENSG00000266094.6	206507529	6385
ENSG00000266094.6	206507529	6385
ENSG00000162896.5	206946466	5773
ENSG00000162896.5	206946466	6656
ENSG00000162896.5	206946466	7267
ENSG00000182795.12	207032756	27668
ENSG00000196352.14	207321507	11788
ENSG00000196352.14	207321507	11788
ENSG00000196352.14	207321507	4850
ENSG00000189410.11	20732837	300
ENSG00000117335.18	207752056	53799
ENSG00000117335.18	207752056	55317
ENSG00000117335.18	207752056	55317
ENSG00000117335.18	207752056	55317
ENSG00000117335.18	207752056	59917
ENSG00000117335.18	207752056	59917
ENSG00000117335.18	207752056	64708
ENSG00000117335.18	207752056	71765
ENSG00000117335.18	207752056	73662
ENSG00000117335.18	207752056	73662
ENSG00000117335.18	207752056	74505
ENSG00000117335.18	207752056	76569
ENSG00000117335.18	207752056	78801
ENSG00000174059.16	207911402	73086
ENSG00000174059.16	207911402	63187
ENSG00000174059.16	207911402	44515
ENSG00000174059.16	207911402	43171
ENSG00000174059.16	207911402	42674
ENSG00000174059.16	207911402	42674
ENSG00000174059.16	207911402	11193
ENSG00000174059.16	207911402	52099
ENSG00000174059.16	207911402	52099
ENSG00000076356.6	208244320	953
ENSG00000196878.12	209652466	534
ENSG00000196878.12	209652466	1513
ENSG00000082497.11	210232798	18473
ENSG00000082497.11	210232798	18473
ENSG00000082497.11	210232798	19794
ENSG00000054392.12	210328251	35903
ENSG00000054392.12	210328251	35903
ENSG00000054392.12	210328251	17105
ENSG00000198570.5	211492917	21130
ENSG00000198570.5	211492917	22287
ENSG00000117650.12	211675630	32090
ENSG00000123684.12	211830772	98278
ENSG00000066027.11	212285536	46888
ENSG00000066027.11	212285536	46888
ENSG00000066027.11	212285536	42940
ENSG00000066027.11	212285536	24056
ENSG00000117691.9	212432886	52933
ENSG00000117691.9	212432886	52933
ENSG00000117691.9	212432886	52933
ENSG00000162772.16	212565333	7037
ENSG00000162772.16	212565333	7037
ENSG00000123685.8	212699985	422
ENSG00000076864.19	21669363	4091
ENSG00000092969.11	218346234	1328
ENSG00000092969.11	218346234	1328
ENSG00000092969.11	218346234	1328
ENSG00000092969.11	218346234	113781
ENSG00000142798.17	21937297	5753
ENSG00000142798.17	21937297	19392
ENSG00000142798.17	21937297	19392
ENSG00000070831.15	22052626	12960
ENSG00000117791.15	220748224	15804
ENSG00000117791.15	220748224	15804
ENSG00000162552.14	22143969	19207
ENSG00000162552.14	22143969	19207
ENSG00000162552.14	22143969	19207
ENSG00000162552.14	22143969	113363
ENSG00000162552.14	22143969	114007
ENSG00000154309.8	222872270	57730
ENSG00000154309.8	222872270	57730
ENSG00000187554.11	223143282	37614
ENSG00000162909.17	223701592	621
ENSG00000162909.17	223701592	621
ENSG00000143514.16	223845972	69929
ENSG00000184677.16	22451850	37627
ENSG00000143753.12	224175755	29704
ENSG00000143815.14	225428925	15788
ENSG00000154380.17	225653142	41018
ENSG00000143742.12	225777812	42390
ENSG00000143742.12	225777812	31138
ENSG00000143742.12	225777812	22918
ENSG00000143742.12	225777812	22538
ENSG00000143742.12	225777812	5459
ENSG00000163041.9	226061850	27291
ENSG00000163041.9	226061850	21138
ENSG00000163041.9	226061850	21138
ENSG00000163041.9	226061850	21138
ENSG00000163041.9	226061850	21138
ENSG00000163041.9	226061850	47731
ENSG00000163041.9	226061850	47731
ENSG00000163041.9	226061850	47731
ENSG00000163041.9	226061850	47731
ENSG00000163041.9	226061850	47731
ENSG00000182827.8	226186730	59025
ENSG00000182827.8	226186730	53706
ENSG00000182827.8	226186730	53706
ENSG00000182827.8	226186730	51886
ENSG00000182827.8	226186730	51886
ENSG00000183814.15	226309869	40166
ENSG00000183814.15	226309869	40166
ENSG00000143801.16	226870183	42840
ENSG00000143801.16	226870183	42840
ENSG00000143801.16	226870183	42840
ENSG00000143776.18	227318474	38773
ENSG00000143776.18	227318474	38773
ENSG00000143776.18	227318474	38773
ENSG00000143776.18	227318474	38773
ENSG00000143776.18	227318474	110456
ENSG00000143776.18	227318474	113451
ENSG00000185888.5	227815692	28154
ENSG00000185888.5	227815692	27798
ENSG00000185888.5	227815692	27798
ENSG00000185888.5	227815692	27798
ENSG00000116574.5	228735076	95058
ENSG00000116574.5	228735076	96078
ENSG00000116574.5	228735076	102764
ENSG00000116574.5	228735076	102764
ENSG00000116574.5	228735076	102764
ENSG00000116574.5	228735076	125787
ENSG00000116574.5	228735076	125787
ENSG00000116574.5	228735076	167808
ENSG00000116574.5	228735076	167808
ENSG00000116574.5	228735076	229427
ENSG00000116574.5	228735076	255512
ENSG00000177800.2	229249635	191371
ENSG00000177800.2	229249635	191371
ENSG00000177800.2	229249635	179442
ENSG00000177800.2	229249635	141157
ENSG00000177800.2	229249635	84879
ENSG00000177800.2	229249635	84879
ENSG00000177800.2	229249635	41633
ENSG00000177800.2	229249635	28384
ENSG00000177800.2	229249635	28384
ENSG00000177800.2	229249635	20423
ENSG00000177800.2	229249635	20423
ENSG00000177800.2	229249635	20423
ENSG00000143632.14	229434098	23213
ENSG00000143632.14	229434098	22943
ENSG00000135776.4	229558695	23371
ENSG00000135776.4	229558695	23371
ENSG00000135775.13	230642488	70275
ENSG00000135775.13	230642488	69660
ENSG00000119280.16	230869589	44532
ENSG00000119280.16	230869589	44532
ENSG00000116151.13	2391707	80304
ENSG00000116991.10	232561558	68159
ENSG00000116991.10	232561558	68159
ENSG00000116991.10	232561558	68159
ENSG00000116991.10	232561558	68159
ENSG00000116991.10	232561558	116699
ENSG00000116991.10	232561558	116699
ENSG00000212916.4	232804891	100263
ENSG00000212916.4	232804891	37628
ENSG00000212916.4	232804891	37628
ENSG00000135750.14	233614003	93167
ENSG00000135750.14	233614003	93167
ENSG00000135750.14	233614003	93167
ENSG00000059588.9	234479103	20005
ENSG00000059588.9	234479103	20598
ENSG00000059588.9	234479103	44476
ENSG00000059588.9	234479103	51932
ENSG00000059588.9	234479103	52625
ENSG00000059588.9	234479103	52625
ENSG00000059588.9	234479103	56709
ENSG00000059588.9	234479103	65071
ENSG00000059588.9	234479103	65071
ENSG00000168264.10	234609525	64872
ENSG00000168264.10	234609525	64872
ENSG00000168264.10	234609525	64872
ENSG00000168264.10	234609525	9821
ENSG00000168264.10	234609525	9821
ENSG00000168264.10	234609525	8952
ENSG00000168264.10	234609525	6710
ENSG00000168264.10	234609525	1132
ENSG00000168264.10	234609525	1132
ENSG00000168264.10	234609525	1132
ENSG00000168264.10	234609525	3083
ENSG00000168264.10	234609525	14304
ENSG00000168264.10	234609525	14743
ENSG00000168264.10	234609525	47811
ENSG00000168264.10	234609525	48671
ENSG00000279261.1	234760056	59839
ENSG00000279261.1	234760056	52378
ENSG00000279261.1	234760056	36413
ENSG00000279261.1	234760056	36413
ENSG00000279261.1	234760056	36413
ENSG00000279261.1	234760056	36413
ENSG00000279261.1	234760056	8852
ENSG00000279261.1	234760056	12410
ENSG00000279261.1	234760056	102999
ENSG00000279261.1	234760056	115597
ENSG00000279261.1	234760056	116232
ENSG00000279261.1	234760056	139060
ENSG00000279261.1	234760056	157967
ENSG00000279261.1	234760056	157967
ENSG00000279261.1	234760056	159165
ENSG00000279261.1	234760056	165690
ENSG00000173726.10	235128936	173720
ENSG00000173726.10	235128936	171517
ENSG00000173726.10	235128936	168291
ENSG00000173726.10	235128936	167061
ENSG00000173726.10	235128936	165641
ENSG00000173726.10	235128936	159208
ENSG00000173726.10	235128936	159208
ENSG00000173726.10	235128936	158571
ENSG00000173726.10	235128936	158571
ENSG00000173726.10	235128936	150405
ENSG00000173726.10	235128936	150405
ENSG00000173726.10	235128936	148329
ENSG00000173726.10	235128936	148329
ENSG00000173726.10	235128936	141611
ENSG00000173726.10	235128936	131823
ENSG00000173726.10	235128936	81210
ENSG00000173726.10	235128936	81210
ENSG00000173726.10	235128936	81210
ENSG00000173726.10	235128936	66480
ENSG00000173726.10	235128936	61409
ENSG00000173726.10	235128936	60688
ENSG00000173726.10	235128936	58853
ENSG00000173726.10	235128936	55533
ENSG00000173726.10	235128936	55533
ENSG00000173726.10	235128936	55533
ENSG00000173726.10	235128936	53697
ENSG00000173726.10	235128936	49422
ENSG00000173726.10	235128936	45783
ENSG00000173726.10	235128936	45223
ENSG00000117318.8	23559794	5410
ENSG00000117318.8	23559794	5410
ENSG00000117318.8	23559794	2345
ENSG00000117318.8	23559794	2345
ENSG00000197880.8	23581494	4126
ENSG00000143669.13	235883640	9111
ENSG00000143669.13	235883640	19233
ENSG00000143669.13	235883640	19233
ENSG00000143669.13	235883640	36347
ENSG00000143669.13	235883640	36347
ENSG00000143669.13	235883640	48510
ENSG00000244020.2	237004418	8346
ENSG00000244020.2	237004418	8346
ENSG00000142676.12	23691778	13127
ENSG00000142676.12	23691778	13127
ENSG00000011007.12	23743154	15934
ENSG00000011007.12	23743154	15934
ENSG00000011009.10	23790969	779
ENSG00000188822.7	23913362	6570
ENSG00000188529.14	23980927	37652
ENSG00000188529.14	23980927	37652
ENSG00000188529.14	23980927	40639
ENSG00000182901.15	241357230	66507
ENSG00000182901.15	241357230	66507
ENSG00000182901.15	241357230	66507
ENSG00000182901.15	241357230	66507
ENSG00000117020.16	243851079	66177
ENSG00000117020.16	243851079	66177
ENSG00000173728.10	244352634	27535
ENSG00000203666.12	244969704	5345
ENSG00000169504.14	24745356	40100
ENSG00000188295.14	247104372	7256
ENSG00000188295.14	247104372	7256
ENSG00000188295.14	247104372	7256
ENSG00000169504.14	24745356	20825
ENSG00000169504.14	24745356	20825
ENSG00000169504.14	24745356	102596
ENSG00000169504.14	24745356	102596
ENSG00000171163.15	248859144	3771
ENSG00000171163.15	248859144	3771
ENSG00000117614.9	25232502	639
ENSG00000117614.9	25232502	7126
ENSG00000117614.9	25232502	7126
ENSG00000157873.17	2555638	9686
ENSG00000157873.17	2555638	9013
ENSG00000157873.17	2555638	9013
ENSG00000157873.17	2555638	7508
ENSG00000157873.17	2555638	6923
ENSG00000157978.11	25543579	30020
ENSG00000117643.14	25617467	1435
ENSG00000117643.14	25617467	1435
ENSG00000157870.14	2586490	10804
ENSG00000157870.14	2586490	9757
ENSG00000157870.14	2586490	8270
ENSG00000182749.5	25871253	3897
ENSG00000182749.5	25871253	3897
ENSG00000182749.5	25871253	3897
ENSG00000117632.20	25906991	15639
ENSG00000117632.20	25906991	15639
ENSG00000117632.20	25906991	15639
ENSG00000198830.10	26472449	27601
ENSG00000198830.10	26472449	27601
ENSG00000198830.10	26472449	27601
ENSG00000198830.10	26472449	27601
ENSG00000198830.10	26472449	27601
ENSG00000117713.17	26696032	18547
ENSG00000117713.17	26696032	3148
ENSG00000060642.10	26787471	3463
ENSG00000060642.10	26787471	12022
ENSG00000060642.10	26787471	12022
ENSG00000175793.11	26863137	1613
ENSG00000175793.11	26863137	1613
ENSG00000158246.7	27012836	14263
ENSG00000158246.7	27012836	18433
ENSG00000158246.7	27012836	18433
ENSG00000181773.6	27392643	9769
ENSG00000158195.10	27490158	14348
ENSG00000158195.10	27490158	14348
ENSG00000158195.10	27490158	29392
ENSG00000158195.10	27490158	32190
ENSG00000158195.10	27490158	37884
ENSG00000158195.10	27490158	37884
ENSG00000158195.10	27490158	37884
ENSG00000158195.10	27490158	37884
ENSG00000126709.14	27672218	12689
ENSG00000126709.14	27672218	12689
ENSG00000126709.14	27672218	12689
ENSG00000126709.14	27672218	9299
ENSG00000126709.14	27672218	9299
ENSG00000120656.11	28643085	4893
ENSG00000120656.11	28643085	4893
ENSG00000120656.11	28643085	4893
ENSG00000116329.10	28812141	36993
ENSG00000116329.10	28812141	36993
ENSG00000253304.1	29123935	331
ENSG00000253304.1	29123935	331
ENSG00000253304.1	29123935	331
ENSG00000162511.7	30757820	40786
ENSG00000162511.7	30757820	40786
ENSG00000162511.7	30757820	58815
ENSG00000162511.7	30757820	65947
ENSG00000162511.7	30757820	65947
ENSG00000162511.7	30757820	65947
ENSG00000162512.15	30908761	61294
ENSG00000084628.9	31239554	84932
ENSG00000084628.9	31239554	84932
ENSG00000084628.9	31239554	84932
ENSG00000084628.9	31239554	84932
ENSG00000142910.15	31576484	2581
ENSG00000142910.15	31576484	904
ENSG00000142910.15	31576484	11345
ENSG00000142910.15	31576484	11345
ENSG00000142910.15	31576484	12089
ENSG00000142910.15	31576484	12089
ENSG00000084636.17	31704319	9996
ENSG00000084636.17	31704319	9996
ENSG00000084636.17	31704319	9996
ENSG00000084636.17	31704319	9996
ENSG00000121753.12	31764893	23257
ENSG00000121753.12	31764893	23257
ENSG00000121753.12	31764893	23257
ENSG00000121753.12	31764893	23257
ENSG00000134668.12	31816051	64233
ENSG00000184007.17	31944856	63912
ENSG00000184007.17	31944856	63912
ENSG00000184007.17	31944856	63912
ENSG00000184007.17	31944856	9861
ENSG00000184007.17	31944856	9861
ENSG00000184007.17	31944856	11110
ENSG00000183615.5	32247232	7156
ENSG00000183615.5	32247232	7156
ENSG00000183615.5	32247232	6087
ENSG00000160058.18	32394731	6127
ENSG00000162520.14	32703596	12854
ENSG00000162520.14	32703596	12854
ENSG00000116514.16	32964685	31157
ENSG00000116514.16	32964685	30614
ENSG00000116514.16	32964685	8155
ENSG00000116514.16	32964685	8155
ENSG00000116514.16	32964685	16443
ENSG00000116514.16	32964685	24501
ENSG00000116514.16	32964685	24501
ENSG00000116514.16	32964685	27728
ENSG00000116514.16	32964685	27728
ENSG00000116514.16	32964685	33332
ENSG00000116514.16	32964685	42536
ENSG00000160094.14	33256544	1051
ENSG00000121903.14	33472644	16828
ENSG00000142698.14	34166882	239567
ENSG00000130762.14	3454425	27897
ENSG00000130762.14	3454425	27897
ENSG00000054116.11	36156053	31762
ENSG00000054116.11	36156053	31762
ENSG00000054118.13	36224415	24316
ENSG00000054118.13	36224415	24316
ENSG00000054118.13	36224415	21020
ENSG00000054118.13	36224415	21020
ENSG00000054118.13	36224415	17032
ENSG00000196182.10	36385896	575
ENSG00000119535.17	36483278	3336
ENSG00000119535.17	36483278	3336
ENSG00000163874.8	37474551	8919
ENSG00000162592.8	3752397	5578
ENSG00000162592.8	3752397	5578
ENSG00000162592.8	3752397	5578
ENSG00000163874.8	37474551	2781
ENSG00000163874.8	37474551	12623
ENSG00000163874.8	37474551	12623
ENSG00000183431.11	37990921	4843
ENSG00000183431.11	37990921	4843
ENSG00000116954.7	38859823	131525
ENSG00000116985.10	39788861	29662
ENSG00000168389.17	39955111	25427
ENSG00000168389.17	39955111	32820
ENSG00000084070.11	40344849	6032
ENSG00000179862.6	40862366	5897
ENSG00000179862.6	40862366	36796
ENSG00000179862.6	40862366	36796
ENSG00000179862.6	40862366	57025
ENSG00000179862.6	40862366	57025
ENSG00000171793.13	40979334	39540
ENSG00000171793.13	40979334	34934
ENSG00000171793.13	40979334	34421
ENSG00000171793.13	40979334	34421
ENSG00000204060.5	41361921	1010
ENSG00000204060.5	41361921	1010
ENSG00000204060.5	41361921	57001
ENSG00000127129.9	41484673	52232
ENSG00000127129.9	41484673	52232
ENSG00000127129.9	41484673	52232
ENSG00000127129.9	41484673	11537
ENSG00000127129.9	41484673	15780
ENSG00000127129.9	41484673	16987
ENSG00000117394.19	42959173	35107
ENSG00000117394.19	42959173	35107
ENSG00000117394.19	42959173	35107
ENSG00000196517.11	44031467	4483
ENSG00000142945.12	44739817	9289
ENSG00000142945.12	44739817	9289
ENSG00000142945.12	44739817	9289
ENSG00000188396.3	44806675	340
ENSG00000188396.3	44806675	340
ENSG00000188396.3	44806675	340
ENSG00000278139.1	46176488	11029
ENSG00000159658.10	46719064	689
ENSG00000162366.7	47191044	11902
ENSG00000162366.7	47191044	9053
ENSG00000186564.5	47436016	41542
ENSG00000186564.5	47436016	41542
ENSG00000186564.5	47436016	71989
ENSG00000186564.5	47436016	71989
ENSG00000186564.5	47436016	122895
ENSG00000269113.3	47996895	244880
ENSG00000117859.18	51577178	7406
ENSG00000162377.5	52698366	4568
ENSG00000162377.5	52698366	4568
ENSG00000162383.11	53142632	3133
ENSG00000162383.11	53142632	3133
ENSG00000157184.5	53196428	20061
ENSG00000157184.5	53196428	20061
ENSG00000157184.5	53196428	13067
ENSG00000174332.5	53738106	940
ENSG00000174332.5	53738106	940
ENSG00000162390.17	54542256	54085
ENSG00000162390.17	54542256	52965
ENSG00000006555.10	54801267	262
ENSG00000162402.13	55215113	213743
ENSG00000184292.6	58577773	6397
ENSG00000184292.6	58577773	6397
ENSG00000184292.6	58577773	6397
ENSG00000184292.6	58577773	40500
ENSG00000184292.6	58577773	41562
ENSG00000184292.6	58577773	41562
ENSG00000184292.6	58577773	42502
ENSG00000177606.6	58784327	11261
ENSG00000177606.6	58784327	11261
ENSG00000177606.6	58784327	29947
ENSG00000177606.6	58784327	29947
ENSG00000177606.6	58784327	29947
ENSG00000177606.6	58784327	40417
ENSG00000177606.6	58784327	40770
ENSG00000177606.6	58784327	64511
ENSG00000177606.6	58784327	64511
ENSG00000177606.6	58784327	73953
ENSG00000177606.6	58784327	73953
ENSG00000177606.6	58784327	90534
ENSG00000177606.6	58784327	90534
ENSG00000177606.6	58784327	90534
ENSG00000177606.6	58784327	90534
ENSG00000177606.6	58784327	97177
ENSG00000177606.6	58784327	99037
ENSG00000177606.6	58784327	100731
ENSG00000177606.6	58784327	100731
ENSG00000177606.6	58784327	109191
ENSG00000177606.6	58784327	109191
ENSG00000177606.6	58784327	112326
ENSG00000177606.6	58784327	119074
ENSG00000177606.6	58784327	137944
ENSG00000177606.6	58784327	148539
ENSG00000177606.6	58784327	158414
ENSG00000177606.6	58784327	158414
ENSG00000177606.6	58784327	180102
ENSG00000177606.6	58784327	180102
ENSG00000177606.6	58784327	180102
ENSG00000177606.6	58784327	192071
ENSG00000177606.6	58784327	198205
ENSG00000177606.6	58784327	228906
ENSG00000177606.6	58784327	235902
ENSG00000172456.17	59296637	252918
ENSG00000172456.17	59296637	252918
ENSG00000172456.17	59296637	234672
ENSG00000172456.17	59296637	233811
ENSG00000172456.17	59296637	145821
ENSG00000172456.17	59296637	145821
ENSG00000172456.17	59296637	92743
ENSG00000162599.15	60865258	292135
ENSG00000162604.12	61725423	87054
ENSG00000162604.12	61725423	87054
ENSG00000162604.12	61725423	83624
ENSG00000162607.12	62436296	51572
ENSG00000162607.12	62436296	50323
ENSG00000116641.16	62688368	2118
ENSG00000116641.16	62688368	18708
ENSG00000116641.16	62688368	18708
ENSG00000116641.16	62688368	18708
ENSG00000185483.11	63774021	75746
ENSG00000185483.11	63774021	75746
ENSG00000185483.11	63774021	69476
ENSG00000007923.15	6701924	41319
ENSG00000007923.15	6701924	41319
ENSG00000007923.15	6701924	41319
ENSG00000116717.11	67685060	112434
ENSG00000172380.5	67833467	5200
ENSG00000172380.5	67833467	7006
ENSG00000172380.5	67833467	7006
ENSG00000116285.12	8026308	34953
ENSG00000116285.12	8026308	50769
ENSG00000116285.12	8026308	51985
ENSG00000116285.12	8026308	57427
ENSG00000116285.12	8026308	57427
ENSG00000116285.12	8026308	71214
ENSG00000116285.12	8026308	94699
ENSG00000116285.12	8026308	94699
ENSG00000116285.12	8026308	140954
ENSG00000162426.14	8317825	115695
ENSG00000162426.14	8317825	115213
ENSG00000162426.14	8317825	100646
ENSG00000162426.14	8317825	100646
ENSG00000162426.14	8317825	58857
ENSG00000162426.14	8317825	58857
ENSG00000162426.14	8317825	58857
ENSG00000203943.8	84298365	26899
ENSG00000203943.8	84298365	26899
ENSG00000203943.8	84298365	25876
ENSG00000097096.8	85201046	23819
ENSG00000097096.8	85201046	23819
ENSG00000142867.12	85277090	20609
ENSG00000142867.12	85277090	20609
ENSG00000142871.15	85580760	31191
ENSG00000142871.15	85580760	48014
ENSG00000142871.15	85580760	48014
ENSG00000142871.15	85580760	48014
ENSG00000097033.14	86704569	69738
ENSG00000097033.14	86704569	69738
ENSG00000097033.14	86704569	88198
ENSG00000097033.14	86704569	88198
ENSG00000143013.12	87328467	120809
ENSG00000143013.12	87328467	477541
ENSG00000074800.13	8879249	30443
ENSG00000154451.14	89272804	38487
ENSG00000154451.14	89272804	38487
ENSG00000154451.14	89272804	38487
ENSG00000097046.12	91500892	68692
ENSG00000097046.12	91500892	68692
ENSG00000180758.11	9129170	33687
ENSG00000180758.11	9129170	34513
ENSG00000180758.11	9129170	34513
ENSG00000180758.11	9129170	52197
ENSG00000180758.11	9129170	52197
ENSG00000049239.12	9234774	1506
ENSG00000067208.14	92792404	12297
ENSG00000171621.13	9292879	2777
ENSG00000171621.13	9292879	2777
ENSG00000171621.13	9292879	78612
ENSG00000171621.13	9292879	83935
ENSG00000171621.13	9292879	108979
ENSG00000171621.13	9292879	120135
ENSG00000171621.13	9292879	120135
ENSG00000137962.12	94275068	50527
ENSG00000137962.12	94275068	50527
ENSG00000117528.11	94418454	33673
ENSG00000117525.13	94541800	9070
ENSG00000117525.13	94541800	10567
ENSG00000117525.13	94541800	21164
ENSG00000117525.13	94541800	61137
ENSG00000117525.13	94541800	66462
ENSG00000117525.13	94541800	70294
ENSG00000117525.13	94541800	79522
ENSG00000117525.13	94541800	106460
ENSG00000117525.13	94541800	106460
ENSG00000117525.13	94541800	134635
ENSG00000117525.13	94541800	134635
ENSG00000143036.16	94820341	118398
ENSG00000143036.16	94820341	118398
ENSG00000143036.16	94820341	66574
ENSG00000143036.16	94820341	37001
ENSG00000143036.16	94820341	18452
ENSG00000143036.16	94820341	18452
ENSG00000143036.16	94820341	18452
ENSG00000117519.15	94927278	22763
ENSG00000117519.15	94927278	45063
ENSG00000188641.12	97921049	328
ENSG00000171603.16	9824526	913
ENSG00000171603.16	9824526	913
ENSG00000280113.1	9828258	15261
ENSG00000162688.15	99850083	41337
